location_level,iso3,country_name,state_name,blend_live_births,blend_deaths_all_u5,blend_deaths_all_0_27d,blend_deaths_all_1_5m,blend_deaths_all_6_11m,blend_deaths_all_12_23m,blend_deaths_all_2_4y,blend_q_all_0_27d,blend_q_all_1_5m,blend_q_all_6_11m,blend_q_all_12_23m,blend_q_all_2_4y,blend_q_malaria_adj_0_27d,blend_q_malaria_adj_1_5m,blend_q_malaria_adj_6_11m,blend_q_malaria_adj_12_23m,blend_q_malaria_adj_2_4y,blend_pop_0_27d,blend_pop_1_5m,blend_pop_6_11m,blend_pop_12_23m,blend_pop_2_4y,blend_malaria_fraction_adj_0_27d,blend_malaria_fraction_adj_1_5m,blend_malaria_fraction_adj_6_11m,blend_malaria_fraction_adj_12_23m,blend_malaria_fraction_adj_2_4y,map_pfpr_2_10,pfpracm_share_0_27d,pfpracm_share_1_5m,pfpracm_share_6_11m,pfpracm_share_12_23m,pfpracm_share_2_4y,pfpracm_share_u5,combined_q_malaria_0_27d,combined_q_malaria_1_5m,combined_q_malaria_6_11m,combined_q_malaria_12_23m,combined_q_malaria_2_4y
country,AGO,Angola,,1317797.7267305339,69338.58843084543,24164.244858968297,12000.588793646417,9787.043026782549,8036.443629852108,15350.268121596044,0.018350347939145,0.0093962310127639,0.0078364151490588,0.0065247974970667,0.0126946823420459,0.0004247139835797,0.001260656317822,0.001939511761505,0.0015588670445486,0.0036904687183328,99067.908639151,541505.6335744195,625917.2746703476,1232920.0536533718,3563411.7866609124,0.0231447373634654,0.1300014097120832,0.2398112857716967,0.236076028520321,0.2872668869253033,0.232835893479416,0.0740906555023312,0.154949055696027,0.345145175343765,0.497169029672038,0.499362373902907,0.26952657903643923,0.0008921516455434,0.0013582967201757,0.0023221063210967,0.0024013971424859,0.0050148577143001
country,BEN,Benin,,495312.2770317644,34744.176581146035,11878.65132158739,4319.533844770008,4626.248072829732,4402.617482631,9517.125859327907,0.0241465411117161,0.0090203774711063,0.0098774317168367,0.0094729874779468,0.0213398818780779,0.0008984597455063,0.0026075049641367,0.0049689995132208,0.0041424181082053,0.0123954908729462,37212.08765376675,203219.405270337,234655.50122119297,461421.32423855166,1326748.2864412204,0.0372086313045641,0.2890531156258765,0.503039572094094,0.4372283721214582,0.580782388613663,0.359526482156877,0.110265398020686,0.200132299879303,0.418386308781128,0.553941518487565,0.537995564794144,0.33584924373392133,0.0017804938560062,0.0022063869266043,0.0045507908547329,0.0046949495881764,0.0119381263382915
country,BWA,Botswana,,55169.18947037998,1669.4109405155816,739.9402340510023,498.9462921885011,257.89481501061357,95.40326939674657,77.22632986871825,0.0127823973690706,0.0087647525602587,0.0045796438892853,0.0018652149718043,0.001474530353548,4.0582716650697745e-07,1.961438838837882e-06,1.8641049710144464e-06,9.714292504867296e-06,8.34074463003392e-06,4208.467398276874,23162.833385353857,27120.236687908902,55690.79611560524,161962.92438888675,3.174890865847673e-05,0.0002507106339485,0.0004561265480016,0.0032468902125366,0.0035262743016028,0.0002068781341268,6.42834251184388e-05,0.0001690103326982,0.000438599816262,0.0007639838925266,0.0008070671361896,0.00022775637484996372,6.137617253078799e-07,1.7213862925323083e-06,1.936367969700203e-06,5.569643349712651e-06,4.76539480984831e-06
country,BFA,Burkina Faso,,872619.3566498464,54837.566076386836,18910.128912824053,8505.61734747947,6455.3523650884845,8598.182172277782,12368.285278717052,0.0221964574176271,0.0102252194522769,0.0079579114713883,0.0108497912317782,0.0169636289173096,0.0013241550086516,0.0027781250701566,0.0032770921439075,0.0044790854395625,0.0088671078972222,65139.36272473284,355703.0078387276,410167.5996032662,798885.5104661006,2260671.793328738,0.0596561416868296,0.277191442972159,0.4201458683206977,0.4271792219482461,0.5408303715419177,0.286647794132478,0.0913179488051896,0.177193325822433,0.382982789295944,0.53059743679531,0.524839138282882,0.3056261696714629,0.0016755449853855,0.0022949828560849,0.003162417638095,0.0051179784284541,0.0088851421401668
country,BDI,Burundi,,483707.0175413009,30963.258401874904,11041.351550257736,5337.469549906266,3836.1306145603703,4036.6626392695766,6711.644047880958,0.0227223510574737,0.0110760426224939,0.0081625043376892,0.0087117358943683,0.0149838044740631,0.0019845417874935,0.0043970150122004,0.0050337029224515,0.0045989707328441,0.0091120687233405,36549.13489368779,199345.8948827424,230003.46024093253,455648.79365611786,1325651.6726730724,0.0873387521596635,0.377274941479695,0.5860320853398048,0.5103657734285604,0.5879813876378386,0.320422585724851,0.100945260966979,0.188770956867858,0.401296848688484,0.543793996083814,0.533024787369691,0.3046883471101497,0.0021391277223867,0.0032439250881789,0.0041546450952861,0.0046681802038347,0.0085494039585585
country,CPV,Cabo Verde,,6589.930659122445,126.64424956987172,67.88752432476929,22.192409784972227,17.263197450596202,8.80978044683388,10.491337562700114,0.0102377727495034,0.0033335988812701,0.0025529855996188,0.0012409988161634,0.0013246591279964,2.9134060187056316e-10,1.4187836368336221e-09,1.3725754150775672e-09,7.824343369657643e-10,3.6711083350637417e-10,496.1411664844488,2774.378378455772,3330.0226760466276,6763.682490457311,25145.42308830149,2.8457420280665442e-08,2.768032150549141e-07,3.4963415495260673e-07,3.5437691203777793e-07,1.5577045266122274e-07,0.0,0.0,0.0,0.0,0.0,0.0,0.0,1.4567030093528158e-10,7.093918184168111e-10,6.862877075387836e-10,3.9121716848288213e-10,1.8355541675318708e-10
country,CMR,Cameroon,,1024094.3051434774,68493.33285657893,24674.896860491815,9409.54889596283,8784.60068181307,9576.45293795559,16047.833480355624,0.0241723644343735,0.0093496060569218,0.0089038344247312,0.0098960020111707,0.0169264628521677,0.0008915953961365,0.0018433049252605,0.0028840870114893,0.0030398936113023,0.0073562777417368,77092.56102335083,421346.9951194081,487964.8256435046,964527.5452623812,2813397.4894340094,0.0368849062555368,0.1926737045196082,0.3165538948169424,0.3074342341673394,0.4349549335191034,0.223166536902946,0.0708669849008888,0.150410875106415,0.336998016164286,0.489059369084076,0.492569394785771,0.27320108258905396,0.001302308990763,0.0016247936770912,0.0029423307744395,0.0039398130556701,0.0078468676523464
country,CAF,Central African Republic,,262713.124970954,24867.744837774095,8308.341913752778,5075.1658265916685,3823.197236113385,1891.123339569172,5769.91652174709,0.0319018872718432,0.0205121162972906,0.0160056751542441,0.0084033337388338,0.0275570406947125,0.0010824054558386,0.0048121831042403,0.0066863208122147,0.0040408185339339,0.0159038362728078,19086.482827075357,103130.73433434288,117868.26654893089,221996.05417589872,613962.7050945451,0.0339291981886585,0.2492648034084146,0.4439190091526729,0.491095729138516,0.589288526056521,0.325037041164375,0.102158383877571,0.190221744430345,0.403526321757173,0.54524290119142,0.533816524618125,0.3003140335937892,0.0021707253510872,0.0043570168241345,0.0065725160172235,0.0043113383006877,0.0153071199826097
country,TCD,Chad,,878408.270393962,86143.74302614751,27134.38965888648,13626.932302794876,13300.195307106287,11749.988969153655,20332.236788206206,0.0309314093281394,0.0159422051831893,0.0162055474137545,0.0149683307225187,0.0281292904879417,0.0004405017780605,0.0021174113859486,0.0032513644919623,0.0036512493137048,0.0113962366242199,66296.66581274419,357007.813480822,404802.9407173278,783110.3984719756,2160628.6393783437,0.01424124498782,0.144516292927535,0.2183015849950116,0.2358564175777858,0.3918128152090362,0.139842328401427,0.0435221465224452,0.103704975251779,0.245098885048599,0.380439762383621,0.391391332537854,0.21222684573094922,0.0008933515534927,0.001885348689965,0.0036116630473378,0.0046728987485296,0.0112028985558199
country,COM,Comoros,,23561.69274281976,995.5519257212384,506.6743663961525,195.83121061921605,137.4777466998359,71.23311795691629,84.33548404911751,0.0215593730410715,0.0085420589716699,0.0060975543237324,0.0032167517748603,0.0038843865028144,1.1299337471420905e-05,0.0001533072362448,0.0002160537269155,0.0001133486472529,0.0001443262280117,1767.0053326323132,9693.698454575806,11273.660805882031,22297.336176139295,65447.3848465317,0.0005241032496582,0.0189782414609694,0.0374707630812827,0.0479924695365782,0.0506002391211616,0.0172455866105999,0.0053464722247835,0.0139826765291372,0.0358824612699218,0.0616587613635391,0.0649647604076636,0.02034166640028145,6.328296330962805e-05,0.0001363740418692,0.000217424491889,0.0001558447886523,0.0001983372332489
country,COG,Congo,,168627.09354233657,7571.2627977058455,2940.19017612076,1275.5601295473102,1005.3256975547998,831.4567867988394,1518.7300076841352,0.0174265766590194,0.0078488129018564,0.0062566517385767,0.0052381559646535,0.0089981378126397,0.0007042490700193,0.0013955934140938,0.0018333085728857,0.0016279107565423,0.0033454223297228,12770.47089468412,70233.41776614996,82083.91013526058,164334.64260906773,498430.656637366,0.0404123588814475,0.166616124400589,0.2745584770941436,0.3028790659863439,0.3623565775570934,0.209273846301788,0.0662188955533257,0.143580389875565,0.324464330553452,0.476030397389085,0.481319772749198,0.2418126846273595,0.0009291088648274,0.0012612645153013,0.0019316844453745,0.0020607161109912,0.0038382019884342
country,CIV,Côte d'Ivoire,,1063762.2238669118,70850.16436830298,28610.329868589455,12362.025144251784,8695.837467544698,8786.815492731834,12395.156395185211,0.0270854609685665,0.0119884791538686,0.0086905845009855,0.0088175425311226,0.0133314689032468,0.0009631273214124,0.0027381795989694,0.0033603567287902,0.0028967765749292,0.0062729741390189,79938.09139716701,434568.37270432425,498889.7157973413,978052.5623733256,2790608.729694211,0.0355588307147596,0.2222769076251898,0.3762821617822318,0.3257082905821686,0.4665147333433819,0.253326808732979,0.080834685996224,0.164004444078885,0.360969781423749,0.512047897996428,0.511298691650438,0.2585169202740035,0.0015762860269347,0.0023521717289754,0.0032486975582777,0.0037058903467423,0.0065446683735137
country,COD,Democratic Republic of the Congo,,3744204.6358925235,296399.58778755943,81284.2380689723,55297.91916844098,52407.06246417173,34840.740866389046,72569.6272195854,0.0213354527256872,0.0150262107168059,0.0145275871813447,0.0100213323717633,0.0213033453103272,0.0013415299267936,0.0060154778000068,0.0088077159480016,0.0056065208569357,0.0136226883955333,279670.55754582235,1529567.5624831389,1771327.131238301,3466950.1119577847,9893536.308364663,0.0628779686113006,0.4061558567650729,0.6150967564838297,0.5677607566271622,0.648898078551985,0.303723948021125,0.0963385348801771,0.183261852722946,0.392699010534157,0.537876714012104,0.52955163408333,0.32292350236378425,0.0016984780916958,0.004384604507687,0.0072563425297822,0.0054983810915414,0.0124519548580292
country,DJI,Djibouti,,29729.179273657446,1438.3788357616334,699.7399024818994,369.6563502936805,155.83811398981004,79.78946966671879,133.3549993295247,0.0242926689986298,0.0124582583521683,0.005323787731585,0.0027128124805817,0.0046051977171986,2.929384644925527e-05,0.0003217615958432,0.0002733271072076,0.0001989306457392,0.0003255598777652,2235.1524223811643,12295.1401793143,14377.845097838495,28653.22481648312,84793.70986172494,0.0012058718805622,0.0266475088137995,0.0529774820355815,0.0778873215094499,0.0750831032377473,0.0173951572103198,0.0053927506259775,0.0141029355131016,0.0361874861129177,0.0621753892773951,0.0655075075297401,0.019690811842122107,8.01490761991403e-05,0.0002487298049946,0.0002329908009062,0.0001838004088779,0.0003136174509502
country,GNQ,Equatorial Guinea,,47686.22044703489,2951.5810991684752,1084.402845055571,625.4063676049781,395.9410091322753,378.0488553311191,467.78202204453146,0.0220132042420798,0.013006653722884,0.0083660392101965,0.008181194686103,0.0098922861850979,0.0022963574323531,0.003536068210313,0.0033748206672042,0.0025224442645785,0.0033505935801035,3583.001394372741,19676.95224036822,22928.165057716877,45638.991691587114,136167.82047778898,0.1043172728104478,0.275865127658135,0.4093431958846673,0.3854988898200986,0.423404039527955,0.215579564557049,0.0683292658313334,0.146726733616827,0.330278172421752,0.482155016394186,0.486655190610276,0.23938276945671763,0.0019002517584048,0.0027222460131784,0.0030689704039783,0.0032335241612903,0.0040823629995419
country,ERI,Eritrea,,153442.05748828195,7637.73195769119,2577.317753617223,1215.4429519119317,894.0980773748757,1003.9579496153134,1946.915225171845,0.0166603749851271,0.0073018508291114,0.0054632737162286,0.0059272985931174,0.0117721859036959,4.246393195259154e-06,0.0001536940696222,0.0002130844330584,0.000419279702709,0.0006697784078459,11607.13544856994,63653.98504318098,73989.49020642455,146527.07726702787,426506.19668619416,0.0002548798090708,0.0278970649937296,0.0517075252555844,0.1118492250622079,0.0898352823770086,0.007850141639798,0.0024365603178675,0.0063924487454168,0.0165063323490054,0.0285783831582551,0.0301553106937552,0.015215126174616567,2.2420200882406093e-05,0.000100185388397,0.000151631522366,0.0002943361564982,0.0005123861656582
country,SWZ,Eswatini,,28729.04345166254,1368.4530105397612,639.4068150600665,320.0300882296451,235.97115432519288,69.98625009889525,103.05870282596156,0.0222956777533886,0.0113656481775255,0.0084543295374073,0.0025833354515318,0.0038112999617242,3.832974899094186e-07,1.299273799320691e-05,1.835264717392987e-05,1.6026722568131033e-05,2.1475194640333853e-05,2148.4673569421507,11835.982736356656,13877.319258795043,27667.900642121895,82431.03787819082,1.719156036201512e-05,0.0011477129230293,0.0021794599473723,0.0077307122544291,0.0070208608574061,0.0005632572919035,0.0001750117687054,0.0004600893295975,0.0011937035021916,0.0020786933535975,0.0021958016724264,0.0006668860075012008,2.1426517440078026e-06,9.11097572182284e-06,1.4222304975707473e-05,1.0698342400671492e-05,1.4922026735203265e-05
country,ETH,Ethiopia,,3882228.664234158,199113.06231160386,101684.77312346068,34324.84649698039,18235.233553037193,17318.005591944802,27550.203546180823,0.026319528732356,0.0092564150572371,0.0050533012777399,0.0047911127220953,0.007976405993452,0.0005345211530731,0.000921322094797,0.0009165639315852,0.0007037456451705,0.0014793562392966,293292.18312591943,1597085.983308582,1839521.5560382605,3618323.683071018,10386058.638039656,0.0203089180854531,0.09904397931577,0.1804855730336709,0.1472729422215643,0.1859547671214731,0.033652421886278,0.0104169191251812,0.0270563876663029,0.0686776948588768,0.116444461859277,0.122351872401164,0.04333069336239896,0.0004043447776454,0.0005858836244929,0.0006318065073839,0.000630822093901,0.0012276422238137
country,GAB,Gabon,,58680.378471649215,2023.2465173028238,954.4051583881226,311.3513241887017,292.08848711844917,194.56073432941295,270.8408132781374,0.0161854904183581,0.0054449691095688,0.0051547648524701,0.0035087471160394,0.004883164222878,0.0008106529778299,0.0007820513293084,0.0012911520870236,0.0008131815351461,0.0013024798914965,4424.26770739568,24370.15197449927,28526.764149734194,56968.13110276371,169547.7858519347,0.0500851662122347,0.1380364584638901,0.2407243656420167,0.2074990731358261,0.2388257099079621,0.174512312690767,0.0547032124458354,0.12480299368418,0.288345453240406,0.435063280141946,0.44395897243224,0.18790465218056085,0.0008480256493627,0.0007307998873502,0.0013887525473784,0.0011698542823194,0.0017352022310516
country,GMB,Gambia,,80725.36564171602,3880.904720021661,1984.289003483722,565.9015585313848,377.2070411940005,357.9942852166726,595.5128315958815,0.0248554756874909,0.0072800670269571,0.0049312996454019,0.0047272671708314,0.0081568160223915,0.0002252923644599,0.0006094387908777,0.0007390819927494,0.0005853758808641,0.0015552870662553,6030.792075804164,33094.17019571257,38509.77223705122,75951.55741642074,219765.57649029905,0.0090640938557201,0.086155592183936,0.1542533451925369,0.1279734605976656,0.1970429444680642,0.036315687366685,0.0112392121884684,0.0291547013435265,0.0738719649999864,0.124977254299382,0.131256872006283,0.04884733572179007,0.0002523241648785,0.0004108434854047,0.0005516833937795,0.0005880883761071,0.0013129626114426
country,GHA,Ghana,,898374.4500589478,35839.459711206924,17317.762786518193,5887.8752886568545,3359.691711311677,3117.1960125515498,6156.93391216865,0.0194256087526501,0.0067393657521646,0.0038850395296927,0.0036070858746179,0.007266918995581,0.0007606302495495,0.0014704635924088,0.0013321258176554,0.0012826338271203,0.003214272431418,67184.55552441342,369877.72120244463,433041.15711935953,859100.5912881288,2529587.152304126,0.0391560573073825,0.2093666555395529,0.329000813573485,0.3250050269732629,0.4043366021741398,0.161001407436532,0.0503122360481985,0.116850637719949,0.272352481412521,0.41547786661034,0.425363851122502,0.1782499191215274,0.0008689880312464,0.0011289813891886,0.0011951129869764,0.0013906490854934,0.0031526785405868
country,GIN,Guinea,,499508.8876866595,43041.454321616206,14068.951860698391,7461.855122321382,5946.176436632719,6001.063014312328,9563.40788765139,0.028240856061119,0.0155195083232178,0.0127135173351318,0.0129564057118163,0.0213801445907256,0.0014535125693496,0.0040840055256599,0.0051007218014645,0.004245629611172,0.0096421159372773,37480.600358103795,203789.98092836776,234473.7785331884,461784.6901853642,1330877.673771969,0.0514684316298315,0.2638095721283595,0.4022069991529486,0.3279872611651435,0.4513977740458361,0.246916965625587,0.0787422174767778,0.161252016572307,0.356220862820916,0.507709185471565,0.507898347712049,0.28654342255980514,0.0018386300995223,0.0032932787694947,0.0048147709580369,0.0054118579008787,0.0102505280243758
country,GNB,Guinea-Bissau,,68729.65651343024,4817.773790479326,2198.073085799897,625.9382015980732,380.3322710517007,511.6325197353695,1101.7977122942852,0.0323199962101403,0.0092142900536427,0.0056959423681084,0.0079758298312445,0.0176432661025324,0.0003703994287945,0.0009973365616188,0.0009199904490056,0.0012288081079214,0.0041348993737578,5103.372396308374,27940.001090631904,32499.31286598209,64023.59347837692,185937.80313370255,0.0114603797100182,0.1173780871015821,0.1751798465315035,0.150928070144137,0.2296100123679324,0.0613055917330613,0.0189556619116441,0.0484739543451798,0.12077309073459,0.200130053311731,0.209235236764873,0.09358461028208286,0.0004915231749697,0.0007219948185011,0.0008039535067241,0.0014125056786268,0.0039132461670134
country,KEN,Kenya,,1342786.364539795,49884.627937326666,25224.61661615259,8998.006336899485,7515.6083408701725,3426.08859259963,4720.308050804779,0.0185359385897125,0.0068430014432773,0.0057513871093594,0.0027264173832201,0.0036548915311878,0.0002660457638791,0.0006179639387133,0.0008581849332125,0.0003915201843585,0.0006265494316438,100712.0255154698,555454.940610949,652321.9856862256,1298225.167955613,3883118.425078608,0.0143529696428131,0.0902800957574337,0.1491707688527465,0.1436829658733979,0.1715237284211165,0.0529415926288388,0.0163718762220046,0.0420860650106325,0.105451425545498,0.175963398657504,0.184255214895863,0.06127747740257993,0.0002847569280643,0.0004529794711614,0.0007323384513792,0.0004356349266344,0.0006499911280719
country,LSO,Lesotho,,48523.46803241798,3009.0724082174493,1422.820607428124,787.2399283101454,478.68842904946086,146.2229105284345,174.10053290128477,0.0292418642400289,0.016379665942148,0.0101620324454644,0.0033880449928722,0.0039833165826159,0.0,0.0008828022035728,0.0009421078271549,0.0001107278071829,0.0001704223180529,3655.389291627996,19946.538664339576,23163.813326788244,46373.303053267315,141447.6889947582,0.0,0.0473642032133658,0.0814420368813939,0.0785263506818115,0.1027707278320524,,,,,,,,,,,,
country,LBR,Liberia,,174597.33364994108,14410.239698735253,5486.016906286535,2837.757857322493,2153.7704046509457,1924.3309959116975,2008.3635345635817,0.0320770242145452,0.017248109034424,0.0133375891992755,0.0120337712746995,0.0136357760869257,0.0012130815106461,0.0059897584317794,0.0074000208402804,0.0054422146449161,0.0095803281801691,12792.55916041969,70011.11927597955,81319.88766058424,157638.57024113036,446882.438427259,0.0378177695827572,0.3450034974735672,0.5511954720582558,0.453093108830444,0.7039039566389268,0.15178311726852,0.0473418263229095,0.111224801994621,0.26080968947285,0.400877971197491,0.411301898286726,0.18976346006330036,0.0013658332099834,0.0039540879719574,0.0054392966688299,0.0051331442296861,0.0075943743846671
country,MDG,Madagascar,,1003738.9828386429,60335.33913379388,22157.48431697419,10537.259999137354,8699.295593941075,7209.06476747773,11732.234456263535,0.0222219804631301,0.010873127130767,0.0091374754726155,0.0076555899016598,0.0129446137726335,0.0005011649060217,0.0023963398873419,0.0030815806171256,0.0019259918911997,0.0044874646284277,74995.81393150458,410740.5622240796,476994.60535019735,939662.3271752384,2705819.305933713,0.0225526661250216,0.2174975131220101,0.332814817907728,0.2501980570814151,0.3447676074447041,0.0969471831930549,0.0300127924490554,0.0746856665206947,0.181651534346733,0.292171872480184,0.303340072584573,0.14415056888818975,0.0005840542967343,0.0016042033171337,0.0023707085283909,0.002081369963854,0.0042070423548988
country,MWI,Malawi,,642299.7251146622,33019.57327213219,14310.012172256444,5499.81587069831,4310.0805203848495,3398.3369059809975,5501.327802811589,0.0223465370172677,0.0088914099343775,0.0070821204623309,0.0056496866330855,0.0093211366128936,0.0008445498015163,0.0018083203931501,0.0023344736408902,0.0017910326725077,0.0037008105175993,48258.269508360914,264627.1249703966,307791.5637599208,608262.8157084615,1773424.594874006,0.0377933189766155,0.2028726230596141,0.3288087611501006,0.3144695434407407,0.3938524674004527,0.267824414351149,0.0854883898786709,0.169969059058253,0.371077377747933,0.520897409871792,0.517985680497129,0.25370726794092474,0.0013774596352433,0.0016597924866987,0.0024812441654734,0.0023669699031346,0.0042645129045178
country,MLI,Mali,,1005149.6931200875,79113.24487536453,30098.10615484511,10998.627397714665,9322.117807830466,9366.984934560547,19327.40858041375,0.0300582845600806,0.0114812171678403,0.0100348295525318,0.0101193019103564,0.0224656640431657,0.0011114621088389,0.0024942046520178,0.0030461916325347,0.0028476385729181,0.0099065885471821,74970.88629325331,406438.66248448286,465850.4781161762,906064.4956628548,2525862.5883217836,0.036976897554394,0.2166590054041808,0.302746379852819,0.2747909203535298,0.4306614245674723,0.171533112244725,0.053730979509763,0.123080040446115,0.284913555680616,0.430927544293685,0.440062105626373,0.22965385784973089,0.0013632615903176,0.0019536566627031,0.0029526253004977,0.0036041622475572,0.0098964379851561
country,MRT,Mauritania,,155535.9745954463,6077.488042030196,3315.354623473814,1096.6278002527847,492.4504895619938,434.09049107652186,738.9646376650815,0.0214421276104106,0.0073717770655204,0.0033491215515554,0.0029938396351529,0.0051134394199455,0.000419813992562,0.0005936033705446,0.0004761238706503,0.0003265268019302,0.0007672259651645,11631.56634608328,64009.68516994968,74877.83176970351,148205.7145268666,434130.2488893859,0.019578933592307,0.0798284461465154,0.1409337478683787,0.1077571132344215,0.1482420155484711,0.017175951233655,0.0053249260172426,0.0139266813642107,0.0357404140827133,0.0614181283159944,0.0647119519943279,0.020568968170339354,0.0002669958678698,0.000348133880412,0.0002979114308581,0.0002552014143998,0.0005490633057169
country,MUS,Mauritius,,,,,,,,,,,,,,,,,,,,,,,,,,,,,,,,,,,,,,,,
country,MOZ,Mozambique,,1234205.2532037492,74598.19956636528,29251.372097435207,14302.461692962195,10965.886793700143,8490.24815968471,11588.23082258302,0.0237589562125876,0.0120615141192537,0.0094643176390985,0.0074343446451171,0.0104172882723864,0.0004973468304936,0.0024651372828232,0.0034751414111565,0.002262536579934,0.0043260625518079,92384.09403550108,505073.99157189624,583650.774640143,1146822.8739234582,3304483.4568706574,0.0209330252576558,0.2070423426602391,0.3719721903886419,0.3051366990465618,0.4163685481250194,0.263699026410119,0.0841767290766485,0.168308026638404,0.368287857982385,0.51850913346627,0.51621713257744,0.2586177883799569,0.0012486490253722,0.002247593461253,0.0034803673408625,0.0030586560898816,0.0048518226165059
country,NAM,Namibia,,70315.02235730701,2844.0904394110707,1328.7659902502187,697.8581183088195,348.852346234897,204.1402097905576,264.4737748265778,0.0183617455294623,0.010047970916091,0.0051118943604843,0.0030571003008587,0.0037153025875643,2.3870475491115997e-06,0.0001292785451869,0.0001327875181079,0.0002349686353463,0.0002475643519091,5513.700325359253,30257.747602598414,35202.944252052024,74515.07444671183,229561.65545730715,0.0001300011235468,0.0120737333736643,0.0243726606777952,0.1193387144601475,0.1034479283899349,0.0032654889876527,0.0010142176301078,0.0026643783439261,0.0069005550732883,0.0119909053152231,0.0126613593481629,0.004012078536092478,1.0504926792322672e-05,7.802507064810575e-05,8.403121333563622e-05,0.0001358130177965,0.0001473025665287
country,NER,Niger,,1178657.0009498042,130531.12449426999,36762.47158134867,17442.139457481368,18086.777280846673,22424.81523803805,35814.920936555216,0.0313775568005404,0.0156095133396797,0.0167249260187308,0.0208759572139061,0.0362099133980873,0.0013118266683457,0.0034255998398512,0.0054570190401391,0.0079599486745188,0.0192513247286923,88180.21161037721,478142.4784476392,546232.4499443383,1048546.0837200914,2893891.4375438956,0.0418078015660907,0.2165216388117282,0.3219204631922722,0.3894137451185464,0.5428857968372184,0.190698596431844,0.0600278633748679,0.133852853355915,0.30605448436382,0.455757595091945,0.463152740066342,0.2825766714576159,0.0015976771805028,0.0027574888699322,0.0052878788244124,0.0087371623647855,0.0180110226682907
country,NGA,Nigeria,,8003273.148292518,786147.401953046,267208.75589404337,107420.3472097052,96479.7575069617,99022.34964535292,216016.19169698277,0.0338548899335442,0.0143471817350785,0.0131813695601298,0.013550072772217,0.0304894240862533,0.0011716529454003,0.0034201730829023,0.005714340821234,0.0061951797518506,0.0168799099421692,595656.0705336789,3246006.2059491547,3750159.1929182895,7352115.2663428355,21210625.09553466,0.0346080860903779,0.2367767659298228,0.430587598992326,0.4545072940577374,0.5503907902046453,0.239095387529452,0.0761663152238427,0.157795025592833,0.350180740787137,0.502032358244407,0.503345855626794,0.2919698439554487,0.0018751275819735,0.002842043495987,0.0051651012891946,0.006498877370035,0.0161133175982163
country,RWA,Rwanda,,380577.3932571065,17175.390245994044,7152.067972132763,3093.555172658406,2274.726831644176,1892.6084610647565,2762.431808493944,0.0189043665900813,0.008325049320003,0.0061938126661294,0.0052148472516395,0.0075967081319137,0.0005183452898482,0.0009851848626671,0.0013495865807609,0.0010262021982891,0.0017971158986658,28680.229793223534,157764.7880518433,184359.29919639076,366861.93806491734,1086565.4330205831,0.0274193418424404,0.1152272859343937,0.2121558675322747,0.1859221403026293,0.2235201475533977,0.0221889287274173,0.0068753513829785,0.0179472102532963,0.0459054709882011,0.0785665370531217,0.0827123508553439,0.03413599257178524,0.0003241597264138,0.0005672981365911,0.0008169582342061,0.0007179573440557,0.0012127287435091
country,STP,Sao Tome and Principe,,5389.314699931991,121.58897324779343,45.89471875009439,19.34850253047575,16.35803318921881,17.649948896014884,22.3377698819896,0.0090556878266716,0.0041143633554564,0.0034730170772955,0.0036456993259398,0.0043922340940476,3.7343378622244334e-05,0.0001213415192756,0.0001060470444828,4.029304271287757e-05,5.319375586216737e-05,405.7174144920272,2249.7259201280567,2662.4909885044985,5288.805078906298,15825.576912996448,0.0041237484481584,0.0179031544370191,0.0185345678656052,0.007768350102206,0.0085132327816796,0.0065883859495774,0.0020452877592729,0.0053679532507103,0.0138724046081633,0.0240422483953148,0.0253737814674496,0.011644091792907452,2.7932433042966228e-05,7.171361471210291e-05,7.711307129505197e-05,6.397192574087706e-05,8.232067195920727e-05
country,SEN,Senegal,,544272.5274612806,22029.586238665055,11982.64868402988,3258.775051876947,1817.1800020467067,1818.1909641428845,3152.7915365686404,0.0218850054217808,0.0061566588159283,0.0034972818197582,0.0034819596985041,0.0061066909391853,0.0003727820309289,0.000650805623414,0.0005441903963227,0.0004550797501289,0.001056212300034,41365.1368766393,226318.0786753689,262751.78808393376,521186.9927060991,1528646.5625034214,0.0170336732271446,0.1046891672256215,0.1541027031217163,0.1294437500811908,0.171304199767195,0.0196541433106832,0.0060915494843317,0.0159169373933967,0.0407810179656556,0.0699398101074284,0.0736610323239036,0.02534640779041065,0.0002530478122102,0.0003744003881698,0.0003434065545226,0.000349303675122,0.0007530187293487
country,SYC,Seychelles,,,,,,,,,,,,,,,,,,,,,,,,,,,,,,,,,,,,,,,,
country,SLE,Sierra Leone,,262004.9502369424,24592.88976774891,7263.061149270272,4519.21629956407,4077.87054817389,3861.192215140038,4871.549555600639,0.0286016575320962,0.0183603960677355,0.0169129723022599,0.016321062750671,0.0219905725046903,0.0009777732382105,0.0055761458280461,0.0089466229684257,0.0083214076932136,0.018278801565168,18980.50777505193,103714.39474829042,120083.54230877705,230341.34674529027,657099.1690200743,0.0341858941955817,0.3153659033370415,0.5493052031531614,0.5054016162034645,0.8239681169496296,0.294660442627939,0.0937092263499534,0.180096925182598,0.387664004021835,0.534179717719089,0.52721180312903,0.31335339161704245,0.0018290062189347,0.00444139835249,0.0077515867655151,0.0085198941931213,0.0149362454736027
country,SOM,Somalia,,863169.7204655777,77175.8123457198,25317.661353771226,13755.721942371549,11321.871483746268,11446.043984680104,15334.513581150642,0.029778828137374,0.0164447307697567,0.014014731439814,0.0147843841029495,0.0213516246198841,0.0001649383033785,0.0003245751437969,0.0003931679075929,0.000404103183037,0.0009256784109368,64851.48212157196,351150.2020234864,401039.3682335784,777684.0628668859,2169339.5296565057,0.0055387775038566,0.0198230776101191,0.0281759259688999,0.0275346622311081,0.0436726285940526,0.0293502797184825,0.0090882950726444,0.0236522039283581,0.0602097485033196,0.102447837049876,0.107724543999311,0.05262867160908564,0.0002177885402042,0.000356764634755,0.0006184956814628,0.0009593656782494,0.0016128862183791
country,ZAF,South Africa,,1123030.759272479,39170.449465209786,13863.947392401366,9921.79399179365,4876.099275680077,5508.0504134584025,5000.558391876293,0.0123402997211068,0.0089569839745976,0.0044514228547409,0.0049864621896771,0.0045284985878556,1.7327216480385815e-08,9.0814187056156e-07,5.42252319412877e-07,6.3837292963590445e-06,3.4723779455195822e-06,85330.64965132106,469173.805808694,549225.6097341074,1121823.6837909103,3331125.1299720593,1.4041163401201089e-06,0.0001066628059286,0.0001281665337854,0.001191950593983,0.0007139080746122,0.0001339454151873,4.16214486353983e-05,0.0001094307707831,0.0002839980051294,0.0004947160113772,0.0005226200711466,0.0002140874724056921,2.654741837339283e-07,9.441557653968258e-07,9.032237650733594e-07,4.425305990859676e-06,2.9195310998460013e-06
country,SSD,South Sudan,,320433.63297282276,31568.70321326401,10384.385623180957,7883.949679138152,4060.484911303881,3770.360371817269,5469.522627823753,0.0325395352222362,0.0252213836539062,0.0133380277453292,0.0130278311156777,0.0197066881553281,0.0012440249648559,0.0048854355646304,0.0045662056778862,0.0030863187939538,0.0060681392654914,23884.358973592334,130472.08932349394,151019.48960620764,294717.9377178531,840281.2667335111,0.0382311841997619,0.1998125443183379,0.353209712569728,0.2434052490799355,0.3163470550563624,0.268792249894059,0.0857945116071898,0.170354630200777,0.371722111963848,0.521443369512746,0.518385880735835,0.2706704585006967,0.0020178692485863,0.0045910075250717,0.0047621227604062,0.0049397974741778,0.0081419040806388
country,TGO,Togo,,252540.94346512784,15573.983801084929,6022.245223008213,1971.8303595462664,1731.4586904232478,1842.2714611519916,4006.17806695521,0.0230054287249774,0.0078222890248195,0.0069316429407409,0.0074174350034953,0.016075496753885,0.0005643535755137,0.0013417263661065,0.002071426318265,0.0022834740904723,0.0070040950037791,19603.489400575636,107891.28004610704,126329.33992128054,250328.67973419148,737845.1922398519,0.0245313218136646,0.1721671985570191,0.2999537830993694,0.3080202182286958,0.4359367419851161,0.249833499971076,0.0796965967071726,0.162513307249156,0.358403667490559,0.509717336045734,0.509481218611521,0.28259130790299153,0.0011989039753419,0.0013064762128943,0.0022778762849807,0.0030321346503732,0.007597129339867
country,UGA,Uganda,,1667044.4958045094,84338.30787581176,34507.24525545996,13856.835822336834,11780.653298320549,10663.975369021417,13529.598130673014,0.020789020040267,0.0085933348359662,0.0074306134597362,0.0068260885167192,0.0089764989846225,0.0009740156065044,0.0030564702014907,0.0042914108237011,0.0034964781854373,0.0052537088588345,125404.58717476131,687314.4658296023,798607.8210247012,1575570.977673998,4535615.727328109,0.0468524059632345,0.3524895664876961,0.5723490679328705,0.5027159287046994,0.574422374657153,0.243408208658391,0.077589433898401,0.159714707336626,0.353545227324748,0.505215977973197,0.505912620686564,0.2524112420508006,0.0012935119513656,0.0022144760799313,0.0034592343742429,0.0034725635855716,0.0048975164923676
country,TZA,United Republic of Tanzania,,2206563.6450665616,88967.5104010777,45478.40472686965,13007.891797872391,9924.889386634592,9270.169093802277,11286.155395898775,0.0207060571086592,0.0061491842645774,0.0047548987657757,0.0044848695044689,0.0055260490189488,0.000470579957757,0.0012645999587078,0.0016406919662794,0.0013772897461023,0.0019146746892763,165583.37313320563,910039.7992843364,1061322.805265471,2097387.822631007,6108037.756599944,0.0227266811487856,0.2053351857718651,0.3445188872722719,0.3068155048040543,0.3461642939214874,0.0925500097484039,0.0286426360571491,0.0715472088008311,0.174535093186527,0.281758933606563,0.292789676595138,0.11107385091001613,0.0005318280078494,0.0008522784646201,0.0012352943327283,0.001320470897523,0.0017663223971916
country,ZMB,Zambia,,674154.0252139869,33486.58784775701,13294.939251778553,5418.150937791689,4464.490420116758,4455.615894393396,5853.391343676616,0.0196739285668095,0.0082656543792831,0.0069124592908257,0.0069536924923964,0.0091545885991775,0.0006157875073185,0.0010202233843957,0.0017570197159816,0.0016798429107184,0.0026669105063195,50826.30141972877,278963.9681421006,324857.0644742687,644137.3705449423,1891604.073765084,0.0312996718081708,0.123208060367295,0.2537257879507867,0.2411567694937239,0.2908149358621832,0.25532184652695,0.0814820079327188,0.164846533115888,0.362412012168294,0.513343175859519,0.512299302513526,0.2651925916354509,0.0011094293554335,0.0011913939263773,0.0021310889983005,0.0026247367493578,0.0036783999302382
country,ZWE,Zimbabwe,,480580.56713427196,28271.905825756887,13612.179728127689,6390.0091996728615,4592.531212046653,1730.3784966069488,1946.807189302735,0.0282188634722938,0.0137200568006122,0.0100101988052053,0.0038753738594484,0.0044408378896725,2.6727699808993628e-05,0.0003816523345061,0.0005014166473629,0.0002422818505184,0.000285362308492,36165.18981832971,198177.21360252437,231026.76708480003,457337.5751983549,1329854.9345533731,0.0009471572033804,0.0246727989152666,0.0444197054469768,0.1013180428941101,0.1041302460207001,0.0229532123434793,0.0071116221247278,0.0185582734621161,0.0474443364788464,0.0811498458348988,0.0854211870491897,0.02617440602164426,0.0001137047968066,0.0003181364502638,0.0004881719438486,0.0002783839208826,0.0003323519762604
nigeria_state,NGA,Nigeria,Abia,151337.19518783715,12327.068556649656,3459.1667425758665,1445.5043237721068,2123.4988806843767,2091.75397269227,3207.1446369250357,0.0231010289584407,0.0098051857074946,0.0146619181890732,0.0145909256242345,0.0227335920500041,0.0011981715235638,0.0039351129569558,0.0101145433026822,0.0088628279398676,0.0163798012792481,11345.997665582474,62103.36611143962,71883.27091778947,142311.48381079003,418396.25950797595,0.0518665867966044,0.401329773279871,0.6898512985988496,0.6074205412401765,0.7205109180819143,0.195275436741584,0.0615469395680528,0.136314554096467,0.310775419455918,0.46107986991108,0.467990421291607,0.2867879141180784,0.0013099845784144,0.002635851237253,0.0073355535389599,0.0077952050142859,0.0135094523001005
nigeria_state,NGA,Nigeria,Adamawa,119497.19215675553,10686.44843501389,3869.533379691225,1578.5575245109808,1496.5703357549487,1365.7847825851736,2376.0024124715624,0.033172745461127,0.0137025493270607,0.0130883326365014,0.0120848564650897,0.0209619617095746,0.0011164050628424,0.0031695145225808,0.0055359185013806,0.0055369967608214,0.0129149634995987,8793.059746385232,48434.6233350225,56796.96057493932,112331.9426040165,336468.2680529904,0.0336542859906075,0.2313083826176368,0.4229659082732808,0.4581764604996772,0.6161142587003043,0.267365615638754,0.0853430568624222,0.169785736011112,0.370770464691631,0.520636714687173,0.517794037317679,0.28957197894546627,0.001973734282507,0.0027480059726521,0.0051943428375274,0.0059144083641358,0.0118844711416489
nigeria_state,NGA,Nigeria,Akwa Ibom,60624.67020739969,3373.1033168784265,1373.3842465338123,528.6388009166303,432.74944865349886,446.43568685824334,591.8951339162418,0.0241701895861302,0.0092634233012396,0.0074572414582193,0.0077947878918637,0.0102319743524335,0.0015071137240662,0.0040419633396993,0.005168001465222,0.0053613933719347,0.0079849413821758,4303.062801901999,24046.82151974386,28907.06164886072,57050.10681827255,172653.42792294166,0.0623542367632515,0.4363358132579861,0.6930178530729963,0.6878177374821208,0.7803910669768985,0.229878143017704,0.0731064201857495,0.153579319594752,0.342701355406813,0.494767261984877,0.497369232322199,0.25056072322070394,0.0016370548799595,0.0027323167937109,0.0038618041102748,0.0046089996174724,0.006537005305493
nigeria_state,NGA,Nigeria,Anambra,179407.8569736837,9029.822218888721,2574.2584287141085,1640.0013056351347,1618.9011429239583,1347.026523707866,1849.634817907654,0.0145981803778546,0.0092989225765888,0.0092010952062077,0.0076932952410659,0.0104501387130288,0.0010954293328899,0.0040063376302681,0.0060428378700644,0.0050366365594566,0.0070330877695766,13419.360433504791,74314.56621868604,87567.93625192916,174416.58947951728,528209.2832966975,0.075038758566902,0.4308389060421489,0.6567520207798263,0.6546787042009866,0.6730138195015609,0.17507404925796,0.0548867922886512,0.125125896284423,0.288986545050477,0.435831589474402,0.444680943960133,0.24628548412278686,0.0009483383135407,0.0025849368260716,0.0043509152921934,0.0041948088263331,0.0058400326585003
nigeria_state,NGA,Nigeria,Bauchi,340084.73827937257,32497.375149982392,11300.038219396853,3934.0942606788503,2984.3183062258126,4354.085984382895,9924.83837929798,0.0336805609050773,0.0120573418594652,0.0094194276338563,0.0141014010287846,0.0342981130352379,0.000607827561512,0.0017172257436617,0.0026154712383446,0.004753136930754,0.0157137715717473,25284.24571425157,137293.88889261527,157665.67601124092,306587.54795430857,853135.5733397341,0.0180468360733377,0.1424215854271155,0.2776677458557925,0.3370684176027403,0.4581526556753434,0.264390565044287,0.0843973529550052,0.168588455838958,0.368760176276349,0.518916472666982,0.516520782431934,0.310893606467305,0.0017251888739701,0.0018749771946357,0.0030444905165139,0.0060352931061367,0.0167147298763236
nigeria_state,NGA,Nigeria,Bayelsa,20795.56974025951,1519.8460100981977,515.1400273848707,248.61058746676284,237.53625869554975,187.7484273664505,330.81070918456413,0.0266712771533585,0.0128077794188926,0.0119899384205989,0.0096667906393795,0.0169923001198918,0.0010039765484539,0.003051708450235,0.0055153325626148,0.0039534885068448,0.0091066963090684,1460.80512938302,8164.679425891277,9846.146202272696,19327.97583135474,57907.18053532358,0.0376426124133876,0.2382699100621222,0.4599967380265651,0.4089763246490014,0.5359307595095881,0.216685063526171,0.0686992485696919,0.147270402203727,0.331275777667224,0.483191998874681,0.487550523781036,0.2649598660560632,0.0014181366236418,0.0024689576382959,0.0047436543685404,0.0043122021992948,0.0086956505663831
nigeria_state,NGA,Nigeria,Benue,338584.8356705153,23860.538053812576,10179.262431146775,4179.522553337805,3175.5267494617096,2431.1706324067345,3895.0556874595495,0.030188355546378,0.0125844913845743,0.0097160924935548,0.0074770459673084,0.0120792709725789,0.0011999729103376,0.0036105659456875,0.0049963250054476,0.0039723206716228,0.0079680088425468,25456.890923240506,139711.8899700517,162620.66217352613,323934.1160535547,961519.1176389012,0.0397495288702988,0.2869059889153125,0.5142319310733205,0.5312687241714047,0.6596431904404678,0.290999744175842,0.0926241299169782,0.17878281517766,0.385552741464726,0.532581003444913,0.526164929274805,0.2623009656809421,0.0019980715382226,0.0029302283715003,0.0043711955513312,0.0039772266578478,0.0071618487997625
nigeria_state,NGA,Nigeria,Borno,186397.609365873,13063.957398164199,4274.361345667681,2281.1514990844908,1624.5774154599994,1691.1567925462127,3192.7103454058138,0.0232926755707616,0.0126411413526776,0.0091845766277343,0.0097244551646075,0.0187456680567093,0.0010007013953304,0.0026065981128667,0.0038283710651225,0.0045637883372984,0.0107568833226424,13903.109280953526,75909.7868195565,88033.74831923073,173060.65816864482,506147.53418376774,0.042962063000892,0.2061995859507257,0.4168260792296272,0.4693104405384551,0.5738330205197664,0.211840391625138,0.0670777579838172,0.144870352273535,0.326856274446872,0.478566875700487,0.483539005079806,0.2680137892715101,0.0012815609250307,0.0022189623568843,0.0034152037820178,0.004608795231657,0.0099105725021699
nigeria_state,NGA,Nigeria,Cross River,60368.146182160155,3432.721702389196,1121.8073907630596,663.5548499577168,516.2659941162871,491.06457395119855,640.0288936009342,0.019552258274697,0.0115273716322686,0.0088843116517905,0.008553569940327,0.0110459607087086,0.0013717401334948,0.0046230881404969,0.005436471219919,0.005162922374262,0.0072667404646862,4355.203565090873,24228.179225795953,28925.665223984935,57164.59827837752,172865.22182667084,0.0701576316261164,0.4010531010864209,0.6119181128482138,0.6035985454354867,0.6578640515131623,0.272590319911498,0.086989630920095,0.171852737943623,0.374217199867363,0.523534484899744,0.519903922924132,0.2897577493635843,0.0015362919322325,0.0033020492583979,0.0043805667245005,0.0048205056035125,0.0065047893848048
nigeria_state,NGA,Nigeria,Delta,127050.9720351842,9048.939956289742,3334.130370043456,1313.6281013151058,1597.6411928999014,1157.1567173052829,1646.3835747259952,0.0272753638570947,0.0108703503397393,0.0132049759052202,0.0097011120482415,0.0138033696505903,0.001659911634668,0.0031844289036377,0.0064368881060308,0.0048836358889086,0.0091828557254846,9242.482303070596,50880.00544262539,60093.61273156896,118701.31368936576,355346.80430242565,0.0608575432161001,0.2929462992555334,0.4874592844570238,0.5034099044133693,0.6652618858969654,0.160201765328144,0.0500537782581759,0.116368956226307,0.271371456029604,0.414251512717608,0.424188610153618,0.21339921142600835,0.001512573324541,0.0022247001132437,0.0050101708221331,0.0044511681149678,0.0075190439565025
nigeria_state,NGA,Nigeria,Ebonyi,97631.37153656538,8833.200253784427,2746.283520317958,1205.7047499021005,1376.3650709725066,1175.5109079403728,2329.3360046514895,0.0292123983624453,0.0129197848014671,0.0147956434720768,0.0128494946621866,0.0255208823730527,0.0012221311667724,0.0032730621804019,0.0063876116063241,0.0063268167078841,0.0092311679942742,7101.073032811157,39251.33781684636,46167.56527497405,90894.0234076902,270306.2396207431,0.0418360434363929,0.253337205742796,0.4317224606269563,0.4923786401112466,0.3617103773818322,0.209617781571196,0.0663339717177052,0.143754002324837,0.324786930202607,0.476373837523962,0.481621028328574,0.28125276635846586,0.0015799527867766,0.0025651664773942,0.0055965216149961,0.0062239898951768,0.0107612808033182
nigeria_state,NGA,Nigeria,Edo,106454.15119762757,6771.64060769209,2784.6990772458607,807.5991457257824,904.44840075683,889.0139284139069,1385.88005554971,0.0273739474507088,0.0080145050204621,0.008980896987974,0.0090300634928059,0.0145944867483892,0.0008748357085729,0.0028267806758217,0.0058689608778457,0.0055835216710958,0.010358987818484,7691.225379299915,42487.62607122309,50127.56055499985,98005.28363677658,282793.5359641571,0.0319586975955236,0.3527080797385005,0.6534938420632903,0.6183258484886777,0.7097877436236205,0.225798567611091,0.0717460479308155,0.151663458355682,0.339261117143128,0.491341277949652,0.494498541622216,0.2586143617484979,0.0014194041272135,0.002021144112117,0.0044579150114665,0.0050101823038087,0.0087879701156436
nigeria_state,NGA,Nigeria,Ekiti,46257.66992147264,3419.768680917626,1194.7727253943976,464.1132262655401,477.6671771675187,491.1323414312824,792.0832106588872,0.0273709352086489,0.0106611478378436,0.0108446433617865,0.0113089938844755,0.018337162025072,0.0018121950802323,0.0045912568489222,0.007635492459767,0.0069593794828632,0.0133822534040195,3300.281833327456,18330.912253106264,21903.551333100604,43182.44186050728,128394.76408808198,0.0662087380799353,0.4306531453043709,0.7040796276134251,0.6153844943197587,0.7297886873509792,0.232271470354517,0.0739029867672877,0.154688915310336,0.344682056583469,0.496715939879984,0.498987633959045,0.2818689885661109,0.0019174944713826,0.0031202091219607,0.0056867232183109,0.0062883685046437,0.0112661352482169
nigeria_state,NGA,Nigeria,Enugu,119350.61698125214,6517.191783803133,1826.5392625325912,1004.1069753957564,1060.9631463516214,1348.830995512867,1276.7514040102972,0.0153911944339146,0.0085243058053057,0.0090728322962184,0.0114890698358645,0.0106540359057192,0.0010288740964091,0.0032367031835118,0.0060176760399547,0.0070108134449614,0.0064907102615622,9027.358827119397,49653.836846668586,58203.59235323539,116725.52130545824,357593.4967699138,0.0668482294097972,0.3797028470631884,0.663263228447738,0.6102159308907976,0.609225491541469,0.178251220045796,0.0559267087036897,0.126940414436189,0.292576689979337,0.440108755162043,0.448688266132726,0.26184941783734667,0.0009448264720582,0.002159391047609,0.0043360876409599,0.0060336268341967,0.0056355255797075
nigeria_state,NGA,Nigeria,Federal Capital Territory,221333.46918730187,16329.656117597908,6040.9848817437605,2426.9610839069433,2341.1161161165182,1936.209691310323,3584.384344520362,0.027133476555947,0.0111423366312815,0.0110915161716918,0.0093521426793275,0.0179586585578408,0.0012933891752267,0.0031789617407857,0.0056362606806446,0.0047796235520753,0.0111592484868208,16834.89592266279,91694.9016478125,104949.97625768288,206064.18488304343,593379.8044772097,0.04766765410838,0.2853047655965624,0.5081596233912298,0.5110725655031448,0.6213854142211886,0.213405460963516,0.0676015847105954,0.145650658953472,0.328297552062857,0.480084027150599,0.48485998673844,0.2570733384641212,0.0015638275945582,0.0024009252067066,0.0046387891442383,0.0046347189360269,0.0099333417185078
nigeria_state,NGA,Nigeria,Gombe,149947.64475223512,14862.365035499948,4442.503892450976,2183.3202678127477,1606.0892682665185,1942.6422969186824,4687.809310051024,0.0300575818779732,0.0150684468947492,0.011352468566033,0.0139829092321579,0.0351060406707456,0.0008390043103798,0.002334071488751,0.0034838628075302,0.0049976730342184,0.0168093070596724,11159.157699835225,60875.93425914441,70335.15980192441,137956.16446901142,393524.9246238383,0.0279132337985803,0.1548979470183074,0.3068815198444226,0.3574129640150097,0.4788152334615144,0.271584886647004,0.0866742375364553,0.171458472177309,0.37356209198589,0.522988809492046,0.519510100384691,0.3236845493894198,0.0017221111509213,0.0024588421857048,0.0038623573571307,0.0061552890433899,0.0175236248863202
nigeria_state,NGA,Nigeria,Imo,334966.0985238922,20911.47590799009,5856.697527240146,2990.102595438007,3484.060798189459,2968.684592822987,5611.930394299492,0.0173553354548395,0.0089845751623466,0.010702439318427,0.0091478138813042,0.017464009271793,0.0011439145547182,0.004389893311211,0.0085198489719065,0.0064307644593396,0.0126194231220131,25644.33174096565,140255.43930691978,161896.89496341624,323037.3230822904,955585.229046237,0.0659114056132668,0.4886033264665219,0.7960660853491084,0.7029837448357497,0.7225959930286675,0.219533955469033,0.0696524551996149,0.14866063675773,0.333817411385607,0.485815179742183,0.489804443702173,0.29679705946858176,0.0011763781399803,0.0028627729879215,0.0060462547803477,0.0054374556521667,0.0105866862340966
nigeria_state,NGA,Nigeria,Jigawa,298219.91780886584,37088.24910153625,11331.018626831628,4062.4127980625144,3000.2852519570265,4509.252325586626,14185.280099098449,0.0383638610852385,0.0142647958392607,0.0109496866265107,0.0168954883523248,0.0568065453017512,0.0006773076483171,0.0018762253615784,0.0026983259350123,0.0054559263167532,0.0241099491253075,22204.83395633769,119699.36550673311,136251.7997117274,264629.88459611166,727650.90350061,0.0176548352839732,0.1315283711537254,0.2464295122820502,0.3229220844630128,0.4244220273779661,0.261426379806613,0.0834496358857878,0.167380754502286,0.36672212447657,0.517150281806899,0.515198410353801,0.33342110365030087,0.0019393789435266,0.0021319388259874,0.0033569091385195,0.0070967164397116,0.0266882954812304
nigeria_state,NGA,Nigeria,Kaduna,467227.6493881443,39072.57726666022,13595.750028068176,4487.788108478281,4259.940626436156,5021.563907010701,11707.534596666905,0.0292132164716645,0.0099244100408768,0.0096755321974427,0.0116058317134633,0.028564456564834,0.0009719916813027,0.0019193315440273,0.003290746215972,0.0043536656981712,0.0143774641773454,35153.56990247257,190481.6343976822,219073.15011857892,430160.2524350842,1211945.0549239735,0.0332723266623347,0.1933950266184075,0.3401100992503299,0.3751274191853693,0.5033340699030026,0.217448812170986,0.0689548311766152,0.147644630290354,0.331961269908293,0.483902148693441,0.488162270099418,0.28560562868195105,0.0014931920456161,0.0016923086976812,0.0032513240856368,0.0049848763008452,0.0141607770690955
nigeria_state,NGA,Nigeria,Kano,796843.6403075962,86100.30727593876,27128.140022916366,8634.22460831017,8025.350676888546,10226.728510602745,32085.863457220923,0.0341409568845635,0.0112127186941956,0.0107135652025737,0.0138720486402302,0.045502755488433,0.0009236515356224,0.0023988649214435,0.0041817555699641,0.0062859636911748,0.02594045514129,59867.461926194,324157.1758753283,372531.6125057436,732093.0593198529,2066920.9807699688,0.0270540611601902,0.2139414166062438,0.3903234349065784,0.4531388156285016,0.5700853687395757,0.206018660855356,0.065130167591295,0.141925696724733,0.321379123012374,0.472724853453015,0.478408261749159,0.2991398117659932,0.0015736288896205,0.0019951189171478,0.0038124358795515,0.0064218129258603,0.0238546746496541
nigeria_state,NGA,Nigeria,Katsina,514640.140444188,43713.44278627757,13254.784193819994,4646.146100403662,4650.518949689056,6696.189260305381,14465.804282059476,0.0258944099740914,0.0093337714016536,0.0096561640026498,0.0142708473769885,0.0331416880544268,0.0007653026407884,0.0014770915942352,0.0029896066002484,0.0053328446924867,0.0165856473128572,38730.21619681603,209744.4416783059,239641.20487850107,465865.44407925906,1287630.2972889943,0.0295547433424512,0.1582523859512472,0.3096060298300738,0.3736880194714885,0.500446666615761,0.288770810366152,0.0919572876159753,0.177972444032686,0.38424472638658,0.531576531110413,0.525497162369196,0.3430060083386676,0.0015732411732109,0.0015691228513149,0.0033499683476952,0.0064594461185762,0.0170007551707918
nigeria_state,NGA,Nigeria,Kebbi,240028.05582865377,28289.758447556575,7789.624905554907,3907.9668664801993,3868.9541620832256,3987.315422540203,8735.897090898043,0.0326935809019545,0.0169528920149796,0.0173729963574829,0.0184717267823583,0.0433674526461579,0.0008229006208089,0.0021852068754204,0.0041633437073374,0.005455079473079,0.0182081304291696,17964.86217270496,96758.47623657994,110379.58721126278,213860.6062549675,591116.3841725186,0.025170097557584,0.1288987668587534,0.2396445392417412,0.2953204937119897,0.4198570429702823,0.370335515628677,0.112412903638597,0.202914673661841,0.42245054463163,0.556022703070784,0.538851640518975,0.3615255451982937,0.0022490404901705,0.0028125987131322,0.0057512877402197,0.0078628894644954,0.0207883767163403
nigeria_state,NGA,Nigeria,Kogi,77827.12883968247,5143.771833687995,1801.92400025099,848.9345558229797,725.8204275277059,641.5127929042372,1125.5800571820828,0.0239332543436084,0.0113116661216713,0.0096330340420732,0.0085104546711027,0.0144880369296264,0.0011315266629008,0.0033079639980003,0.0049784139246748,0.0038507154581587,0.0090198235155288,5702.337230515406,31591.4215504908,37491.76313505638,75058.16625598371,231378.44844802804,0.0472784288611792,0.2924382635076898,0.5168064290991997,0.452468828866905,0.6225704392763025,0.226684013681003,0.0720415510884675,0.152081920334331,0.340014726373322,0.492096212655596,0.495133811205468,0.2680347098076005,0.0014278577142045,0.0025141319519824,0.0041268936793176,0.0040193389848927,0.0080966702286901
nigeria_state,NGA,Nigeria,Kwara,98129.13390937248,4517.766139034443,1657.127215632309,719.9645220590781,706.3932085649614,530.4970749051909,903.7841178729036,0.0174741916277687,0.0076057745675273,0.0074440062069474,0.0056638215536041,0.0098442150682651,0.0011456821790384,0.002289188217612,0.0040666014761579,0.0029567558276713,0.00631043233861,7206.164464821228,39920.89821080766,47270.2948604706,93398.65801541696,274068.0452939764,0.0655642448843107,0.30098028771266,0.546292058752263,0.5220425466600138,0.6410295076702546,0.216430039273656,0.0686139016707411,0.147145193651358,0.331046208811288,0.482953734697881,0.48734501933855,0.25458385251776,0.0011723273225809,0.0017041706946096,0.0032654557546677,0.0028460597998234,0.0055539807607132
nigeria_state,NGA,Nigeria,Lagos,128337.36798767145,8003.6310006188705,3614.1263356668273,1072.321914595451,1058.0115299050096,852.0744256773759,1407.0967947742067,0.0298357213337433,0.0088488248241514,0.0085943471512573,0.0070284901873467,0.0115062901576789,0.0014950999414016,0.0030656679019697,0.0055061338827809,0.0039953688545457,0.0076825150376156,9146.89800482764,51074.06814565823,61287.87397865372,120804.96445322076,364753.3468957842,0.0501110707087441,0.3464491571358186,0.6406692429192189,0.5684533588363786,0.6676795850214706,0.107082957493022,0.0331798736169923,0.0818095857930692,0.197625162007737,0.315187920635728,0.32655492411674,0.14303384553044723,0.0012425227022635,0.0018947932977945,0.0036022965654494,0.003105332030952,0.0057199753734608
nigeria_state,NGA,Nigeria,Nasarawa,232218.831327796,19176.64187435967,7310.879614263412,3039.4000843890053,2203.829071827951,2338.849431621695,4283.683672257607,0.0315204981834476,0.0134087306407675,0.0099778043770251,0.0107305430513369,0.0203829318648716,0.0009644781188604,0.0029439668462035,0.004210190935448,0.0044187387411121,0.0111207703514516,17498.795070061125,95315.08164828565,109884.69635633344,216790.36138742627,624033.4084220239,0.030598441472824,0.219555968799371,0.4219556503976354,0.4117907844898526,0.5455922840333615,0.261200203095755,0.0833771067914623,0.167287993226091,0.366565159283297,0.517013338636586,0.515095261134102,0.27854634997094263,0.0017962830310109,0.0025935432434033,0.0039338531931048,0.0049832863147337,0.0108099609815331
nigeria_state,NGA,Nigeria,Niger,503518.42040520546,31066.578857891738,10958.621287158683,5675.768477494619,3871.054185409077,3582.5550612721427,6978.579846557219,0.0216874391428928,0.0114448689265662,0.0080185605824523,0.0075269772196576,0.0153435961901033,0.00077933370572,0.0022298737258369,0.0030217772876699,0.0036540560357408,0.0088828891649329,38314.48268742073,208740.24143407107,240411.80330289577,474168.4575009629,1353966.21488469,0.0359347962009334,0.1948361086653342,0.3768478465178317,0.4854612853348081,0.5789313701218538,0.298291519522044,0.0947726654714866,0.181379942681577,0.38971359415258,0.53570457314577,0.52819113045864,0.2955544574178353,0.0014173550602713,0.0021528716978678,0.0030733596760938,0.0038431460771377,0.0084936202909422
nigeria_state,NGA,Nigeria,Ogun,448097.700741288,29087.00715132005,13904.027800702348,4468.617456793152,2801.5830735383297,2683.9753417770225,5228.803478509196,0.0309161028140051,0.0102310902136079,0.0066082369273542,0.0063998241645391,0.0129825078317726,0.0014446905898134,0.0031909073016366,0.0037857381957032,0.0035541878458905,0.0084371367704193,33940.81182390546,183954.14126018272,211275.4213340089,418039.24570993497,1200412.4626325706,0.0467293888400121,0.3118834097848693,0.5728817288666631,0.5553571089630903,0.6498849744400559,0.22075564089681,0.0700610542975768,0.14925206028714,0.334894564205271,0.486918687195155,0.490747798708507,0.22182473654069815,0.0018053526738674,0.0023589592975006,0.0029994004108273,0.0033351909131838,0.0074041369552888
nigeria_state,NGA,Nigeria,Ondo,100550.3406838426,5944.643528050418,1908.033321787326,804.2684402395995,805.3690187486734,855.5705202953507,1571.4022269794689,0.0193959857825348,0.0082292966485088,0.0082345427010863,0.0087722926143408,0.0159790097308974,0.0012186041279974,0.0034628031144734,0.0049755595844828,0.0054080643325659,0.0119095048657139,7467.851614794947,41203.55332141098,48700.24695898884,97102.5921612588,292661.5270181911,0.06282764597068,0.4207896813515553,0.6042302244454333,0.6164938369389211,0.7453218357258656,0.267117955128391,0.0852645483142357,0.169686632061604,0.370604449354535,0.520495484650335,0.517690069243291,0.31229029217930665,0.0014361970474273,0.0024296023734973,0.0040136588739526,0.0049870015141808,0.0100908397598707
nigeria_state,NGA,Nigeria,Osun,118831.72803868508,6264.513707693757,2489.9577398642564,892.0375854184518,871.0487240803271,694.8607772483765,1316.6088810823458,0.021579253945651,0.0077612148620551,0.0075710745841459,0.006100961492295,0.0115821418946554,0.0010350140272718,0.0024473860111089,0.0043573708538716,0.0032052928732985,0.0067404390846806,8749.732894863113,48467.66895231061,57306.737001909016,113545.86597111754,339048.55773596413,0.0479633832512745,0.3153354281008673,0.5755287186043802,0.5253750375816295,0.5819682702895418,0.217450044277011,0.0689552434712626,0.147645233103612,0.331962373323208,0.483903290218117,0.488163252521916,0.2508609134752129,0.0012615083685112,0.0017966461942921,0.0034353413707158,0.003078784106457,0.0061972075715729
nigeria_state,NGA,Nigeria,Oyo,173411.81526292444,8000.038877820529,3035.943104403,1103.6809533630085,891.4873695188271,891.4616477865346,2077.465802749159,0.0184685487905716,0.0067081310014014,0.0053829998719881,0.0054599194580508,0.0129329421168895,0.0008774841694964,0.0024844805312571,0.0035481056508734,0.0031730277324044,0.0090432579397435,12484.957325390242,69417.78637683237,82582.74140388689,162827.6350153194,478778.0149857624,0.0475123508320504,0.3703685170635584,0.6591316617592674,0.5811491830205963,0.6992421258836123,0.231825101609949,0.0737545183109996,0.154482770879282,0.344314727941796,0.496355878510985,0.498689412359481,0.2724810350591906,0.0011198115447241,0.0017603855978874,0.0027007758936538,0.0029415454258022,0.0077463896220471
nigeria_state,NGA,Nigeria,Plateau,450251.99601097155,33665.71146022418,12692.804160430069,5638.368487449745,4991.995336845794,3641.888486765736,6700.65498873283,0.027429291495811,0.0125496798123246,0.0115157051006765,0.0083660442813244,0.0153639126361832,0.001103792230083,0.0028658455170251,0.0048447817573313,0.0038096098763968,0.0090331384453168,34985.2826076464,189003.9198255697,215496.8642423787,433494.3652920951,1298311.4739182657,0.040241368620535,0.2283600506054881,0.4207108218711462,0.4553657317952557,0.5879451842262537,0.17285590797895,0.0541623731614861,0.123847209384679,0.286443964495929,0.432776533343767,0.44180646453942,0.21838873378842635,0.0012947138758171,0.0022100441702263,0.0040716929901675,0.0037151187591344,0.0079105071843007
nigeria_state,NGA,Nigeria,Rivers,90004.14320717264,8138.193361974129,2493.100743272173,1168.3383317075186,1697.0469765202884,1216.2087462330765,1563.498564241073,0.0286245243011302,0.0135045540716413,0.0194756013098461,0.0141360196295303,0.0178496219905749,0.0011326766539425,0.0050322852208864,0.0116972328313102,0.0084585647663963,0.0137656372120843,6580.792342449781,36377.156890410275,43142.88619535315,85426.60561235345,260426.14500616395,0.0395701476826931,0.3726361636371152,0.6006095855636858,0.598369625118961,0.7712004892514229,0.19860193965069,0.0626542409334239,0.138076848358346,0.314129267475965,0.464809894642775,0.471353292344326,0.2645405303338665,0.0014630622480551,0.0034484757427917,0.008907544602213,0.0075145632805332,0.0110895576522217
nigeria_state,NGA,Nigeria,Sokoto,355141.2074502978,51961.548707703594,13809.167611728391,6328.751350157777,6660.685138191824,7052.475999408176,18110.46860821743,0.0390082043298138,0.0185327440732649,0.0202481567929151,0.0221388027548715,0.0608598093926577,0.0006786567138112,0.0022638431629729,0.0042122238318676,0.0062749810022708,0.0217171558160051,26605.28021425209,143222.75798734743,162805.48413768024,315017.849186201,865280.4874850969,0.017397794270999,0.1221536947806208,0.2080299888502221,0.2834381367298694,0.3568390376625979,0.302611778459447,0.0960204827687008,0.182880216117459,0.392095595668294,0.53744242491486,0.529283001592635,0.3554715960081602,0.00221212166275,0.0028265577021706,0.0060757184653853,0.0090866564197804,0.0269646092038533
nigeria_state,NGA,Nigeria,Taraba,363517.0939008618,36989.46569151101,13025.383955178311,5495.136840391219,4994.853292868282,4575.171415884821,8898.920187188382,0.0353542686368558,0.0153797576506431,0.0145059486628002,0.0134701569288512,0.0272631569740052,0.0008034055024996,0.0024474645821606,0.0039957471907873,0.0047952585497468,0.0130817060550433,27741.111056495243,150091.8928883222,170913.9346361673,337359.6649935372,965814.966511022,0.0227244271618774,0.1591354452882617,0.2754557653326224,0.3559912906044995,0.479830933281735,0.273054117757794,0.0871348754142445,0.172034049418152,0.374518096079068,0.523784308159229,0.520083666938532,0.296721367251327,0.0019419976477669,0.0025466532849352,0.0047142437328999,0.0059253576887607,0.0136304143532023
nigeria_state,NGA,Nigeria,Yobe,201021.98348618875,15985.04068147844,5444.718360869057,2593.6432801003148,1767.5400804173769,1878.350928349751,4300.788031741941,0.0273781591484942,0.0132841669132586,0.0092893893256186,0.0101196654579935,0.024241606939206,0.0007764125723622,0.0022302375403374,0.0029725473762955,0.0042734986757096,0.0128648481538257,15035.744472574876,82104.07141460323,94695.0098059664,184673.1676242682,525762.8953450267,0.0283588304148251,0.1678868953469331,0.3199938415863059,0.4222964379058571,0.5306928779964423,0.34027118778027,0.105958797755243,0.194798529114444,0.410467130728763,0.549517088801243,0.535997733670979,0.32186776920561766,0.0018386847002441,0.0024089868577754,0.0033927681795022,0.0049172138889143,0.0129291472668914
nigeria_state,NGA,Nigeria,Zamfara,178880.19365624,20228.369213488753,5742.776226137857,3072.1578625407847,2709.2635698707095,2922.2864046607365,5781.8851502786665,0.0326521912461118,0.0178632289357498,0.0161562774887333,0.0178587902342818,0.0367892613709407,0.0007261571094188,0.0022970075915067,0.0038223137067409,0.0065489750452945,0.0170879271744438,13261.377480190567,72154.74839724752,83166.38382655846,162167.41148832053,462759.910633081,0.0222391539956862,0.1285885995062012,0.2365838114260217,0.3667087725081803,0.4644813877111798,0.437603097358961,0.120938622042255,0.21706625837998,0.442756649313661,0.564373464704583,0.541861340148508,0.3630134776479983,0.0023375340626919,0.0030872559295874,0.0054878064965171,0.0083140011826242,0.0185113028219877
