column,source,description,unit
location_level,,'country' or 'nigeria_state',
iso3,,ISO 3166-1 alpha-3 country code (NGA for Nigerian states),
country_name,,Country name,
state_name,,Nigerian state name (blank for country rows),
blend_live_births,Derived: 50:50 IHME and UN IGME/WPP (Nigerian states: IHME only); see README,"Live births, blended IHME and WPP",births per year
blend_deaths_all_u5,Derived: 50:50 IHME and UN IGME/WPP (Nigerian states: IHME only); see README,"All-cause deaths under 5 years, blended (sum of the five bands)",deaths per year
blend_deaths_all_0_27d,Derived: 50:50 IHME and UN IGME/WPP (Nigerian states: IHME only); see README,"All-cause deaths at 0-27 days (neonatal), blended (IHME derived deaths and IGME deaths split by IHME death shares)",deaths per year
blend_deaths_all_1_5m,Derived: 50:50 IHME and UN IGME/WPP (Nigerian states: IHME only); see README,"All-cause deaths at 1-5 months, blended (IHME derived deaths and IGME deaths split by IHME death shares)",deaths per year
blend_deaths_all_6_11m,Derived: 50:50 IHME and UN IGME/WPP (Nigerian states: IHME only); see README,"All-cause deaths at 6-11 months, blended (IHME derived deaths and IGME deaths split by IHME death shares)",deaths per year
blend_deaths_all_12_23m,Derived: 50:50 IHME and UN IGME/WPP (Nigerian states: IHME only); see README,"All-cause deaths at 12-23 months, blended (IHME derived deaths and IGME deaths split by IHME death shares)",deaths per year
blend_deaths_all_2_4y,Derived: 50:50 IHME and UN IGME/WPP (Nigerian states: IHME only); see README,"All-cause deaths at 2-4 years, blended (IHME derived deaths and IGME deaths split by IHME death shares)",deaths per year
blend_q_all_0_27d,Derived: 50:50 IHME and UN IGME/WPP (Nigerian states: IHME only); see README,"Probability of death from all causes within 0-27 days (neonatal), conditional on survival to the start of the band, blended",probability (0-1)
blend_q_all_1_5m,Derived: 50:50 IHME and UN IGME/WPP (Nigerian states: IHME only); see README,"Probability of death from all causes within 1-5 months, conditional on survival to the start of the band, blended",probability (0-1)
blend_q_all_6_11m,Derived: 50:50 IHME and UN IGME/WPP (Nigerian states: IHME only); see README,"Probability of death from all causes within 6-11 months, conditional on survival to the start of the band, blended",probability (0-1)
blend_q_all_12_23m,Derived: 50:50 IHME and UN IGME/WPP (Nigerian states: IHME only); see README,"Probability of death from all causes within 12-23 months, conditional on survival to the start of the band, blended",probability (0-1)
blend_q_all_2_4y,Derived: 50:50 IHME and UN IGME/WPP (Nigerian states: IHME only); see README,"Probability of death from all causes within 2-4 years, conditional on survival to the start of the band, blended",probability (0-1)
blend_q_malaria_0_27d,Derived: 50:50 IHME and UN IGME/WPP (Nigerian states: IHME only); see README,"Probability of death from malaria within 0-27 days (neonatal), conditional on survival to the start of the band, blended (IHME malaria q and CA-CODE-based IGME malaria q)",probability (0-1)
blend_q_malaria_1_5m,Derived: 50:50 IHME and UN IGME/WPP (Nigerian states: IHME only); see README,"Probability of death from malaria within 1-5 months, conditional on survival to the start of the band, blended (IHME malaria q and CA-CODE-based IGME malaria q)",probability (0-1)
blend_q_malaria_6_11m,Derived: 50:50 IHME and UN IGME/WPP (Nigerian states: IHME only); see README,"Probability of death from malaria within 6-11 months, conditional on survival to the start of the band, blended (IHME malaria q and CA-CODE-based IGME malaria q)",probability (0-1)
blend_q_malaria_12_23m,Derived: 50:50 IHME and UN IGME/WPP (Nigerian states: IHME only); see README,"Probability of death from malaria within 12-23 months, conditional on survival to the start of the band, blended (IHME malaria q and CA-CODE-based IGME malaria q)",probability (0-1)
blend_q_malaria_2_4y,Derived: 50:50 IHME and UN IGME/WPP (Nigerian states: IHME only); see README,"Probability of death from malaria within 2-4 years, conditional on survival to the start of the band, blended (IHME malaria q and CA-CODE-based IGME malaria q)",probability (0-1)
blend_pop_0_27d,Derived: 50:50 IHME and UN IGME/WPP (Nigerian states: IHME only); see README,"Population aged 0-27 days (neonatal), blended",persons
blend_pop_1_5m,Derived: 50:50 IHME and UN IGME/WPP (Nigerian states: IHME only); see README,"Population aged 1-5 months, blended",persons
blend_pop_6_11m,Derived: 50:50 IHME and UN IGME/WPP (Nigerian states: IHME only); see README,"Population aged 6-11 months, blended",persons
blend_pop_12_23m,Derived: 50:50 IHME and UN IGME/WPP (Nigerian states: IHME only); see README,"Population aged 12-23 months, blended",persons
blend_pop_2_4y,Derived: 50:50 IHME and UN IGME/WPP (Nigerian states: IHME only); see README,"Population aged 2-4 years, blended",persons
blend_malaria_fraction_0_27d,Derived: 50:50 IHME and UN IGME/WPP (Nigerian states: IHME only); see README,"Share of all-cause deaths at 0-27 days (neonatal) assigned to malaria, blended (average of the IHME and CA-CODE-based IGME shares)",proportion (0-1)
blend_malaria_fraction_1_5m,Derived: 50:50 IHME and UN IGME/WPP (Nigerian states: IHME only); see README,"Share of all-cause deaths at 1-5 months assigned to malaria, blended (average of the IHME and CA-CODE-based IGME shares)",proportion (0-1)
blend_malaria_fraction_6_11m,Derived: 50:50 IHME and UN IGME/WPP (Nigerian states: IHME only); see README,"Share of all-cause deaths at 6-11 months assigned to malaria, blended (average of the IHME and CA-CODE-based IGME shares)",proportion (0-1)
blend_malaria_fraction_12_23m,Derived: 50:50 IHME and UN IGME/WPP (Nigerian states: IHME only); see README,"Share of all-cause deaths at 12-23 months assigned to malaria, blended (average of the IHME and CA-CODE-based IGME shares)",proportion (0-1)
blend_malaria_fraction_2_4y,Derived: 50:50 IHME and UN IGME/WPP (Nigerian states: IHME only); see README,"Share of all-cause deaths at 2-4 years assigned to malaria, blended (average of the IHME and CA-CODE-based IGME shares)",proportion (0-1)
map_pfpr_2_10,"Malaria Atlas Project, 202608 release, admin-0/admin-1 aggregates","P. falciparum parasite rate in children aged 2-10, population-weighted mean over the unit (the PfPR-ACM exposure)",proportion (0-1)
pfpracm_share_0_27d,"Derived: in-house PfPR-ACM model (MIS/DHS project, primary v9) at MAP 2023 PfPR2-10; see README and PfPR-ACM/provenance.json","Share of all-cause deaths at 0-27 days (neonatal) attributable to malaria (deaths that would not occur at PfPR 0, including indirect deaths)",proportion
pfpracm_share_1_5m,"Derived: in-house PfPR-ACM model (MIS/DHS project, primary v9) at MAP 2023 PfPR2-10; see README and PfPR-ACM/provenance.json","Share of all-cause deaths at 1-5 months attributable to malaria (deaths that would not occur at PfPR 0, including indirect deaths)",proportion
pfpracm_share_6_11m,"Derived: in-house PfPR-ACM model (MIS/DHS project, primary v9) at MAP 2023 PfPR2-10; see README and PfPR-ACM/provenance.json","Share of all-cause deaths at 6-11 months attributable to malaria (deaths that would not occur at PfPR 0, including indirect deaths)",proportion
pfpracm_share_12_23m,"Derived: in-house PfPR-ACM model (MIS/DHS project, primary v9) at MAP 2023 PfPR2-10; see README and PfPR-ACM/provenance.json","Share of all-cause deaths at 12-23 months attributable to malaria (deaths that would not occur at PfPR 0, including indirect deaths)",proportion
pfpracm_share_2_4y,"Derived: in-house PfPR-ACM model (MIS/DHS project, primary v9) at MAP 2023 PfPR2-10; see README and PfPR-ACM/provenance.json","Share of all-cause deaths at 2-4 years attributable to malaria (deaths that would not occur at PfPR 0, including indirect deaths): mean of the model's 24-35, 36-47 and 48-59 month bands",proportion
pfpracm_share_u5,"Derived: in-house PfPR-ACM model (MIS/DHS project, primary v9) at MAP 2023 PfPR2-10; see README and PfPR-ACM/provenance.json",Share of all-cause deaths under 5 attributable to malaria: band shares weighted by the blended all-cause deaths (blend_deaths_all_*),proportion
combined_q_malaria_0_27d,Derived: 50:50 blended (IHME : IGME) and PfPR-ACM malaria probability; see README,"Probability of malaria death within 0-27 days (neonatal), conditional on survival to the start of the band: 0.5 x blend_q_malaria + 0.5 x pfpracm_q_malaria (countries: 1/4 IHME + 1/4 IGME + 1/2 PfPR-ACM; Nigerian states: 1/2 IHME + 1/2 PfPR-ACM)",probability (0-1)
combined_q_malaria_1_5m,Derived: 50:50 blended (IHME : IGME) and PfPR-ACM malaria probability; see README,"Probability of malaria death within 1-5 months, conditional on survival to the start of the band: 0.5 x blend_q_malaria + 0.5 x pfpracm_q_malaria (countries: 1/4 IHME + 1/4 IGME + 1/2 PfPR-ACM; Nigerian states: 1/2 IHME + 1/2 PfPR-ACM)",probability (0-1)
combined_q_malaria_6_11m,Derived: 50:50 blended (IHME : IGME) and PfPR-ACM malaria probability; see README,"Probability of malaria death within 6-11 months, conditional on survival to the start of the band: 0.5 x blend_q_malaria + 0.5 x pfpracm_q_malaria (countries: 1/4 IHME + 1/4 IGME + 1/2 PfPR-ACM; Nigerian states: 1/2 IHME + 1/2 PfPR-ACM)",probability (0-1)
combined_q_malaria_12_23m,Derived: 50:50 blended (IHME : IGME) and PfPR-ACM malaria probability; see README,"Probability of malaria death within 12-23 months, conditional on survival to the start of the band: 0.5 x blend_q_malaria + 0.5 x pfpracm_q_malaria (countries: 1/4 IHME + 1/4 IGME + 1/2 PfPR-ACM; Nigerian states: 1/2 IHME + 1/2 PfPR-ACM)",probability (0-1)
combined_q_malaria_2_4y,Derived: 50:50 blended (IHME : IGME) and PfPR-ACM malaria probability; see README,"Probability of malaria death within 2-4 years, conditional on survival to the start of the band: 0.5 x blend_q_malaria + 0.5 x pfpracm_q_malaria (countries: 1/4 IHME + 1/4 IGME + 1/2 PfPR-ACM; Nigerian states: 1/2 IHME + 1/2 PfPR-ACM)",probability (0-1)
