iso3,country_name,gbd_location_id,gbd_region,in_ihme_download,notes
AGO,Angola,168,Central Sub-Saharan Africa,TRUE,
CAF,Central African Republic,169,Central Sub-Saharan Africa,TRUE,
COG,Congo,170,Central Sub-Saharan Africa,TRUE,
COD,Democratic Republic of the Congo,171,Central Sub-Saharan Africa,TRUE,
GNQ,Equatorial Guinea,172,Central Sub-Saharan Africa,TRUE,
GAB,Gabon,173,Central Sub-Saharan Africa,TRUE,
BDI,Burundi,175,Eastern Sub-Saharan Africa,TRUE,
COM,Comoros,176,Eastern Sub-Saharan Africa,TRUE,
DJI,Djibouti,177,Eastern Sub-Saharan Africa,TRUE,
ERI,Eritrea,178,Eastern Sub-Saharan Africa,TRUE,
ETH,Ethiopia,179,Eastern Sub-Saharan Africa,TRUE,
KEN,Kenya,180,Eastern Sub-Saharan Africa,TRUE,
MDG,Madagascar,181,Eastern Sub-Saharan Africa,TRUE,
MWI,Malawi,182,Eastern Sub-Saharan Africa,TRUE,
MUS,Mauritius,183,Southeast Asia (GBD),FALSE,GBD classifies outside its Sub-Saharan Africa super-region; not in IHME download
MOZ,Mozambique,184,Eastern Sub-Saharan Africa,TRUE,
RWA,Rwanda,185,Eastern Sub-Saharan Africa,TRUE,
SYC,Seychelles,186,Southeast Asia (GBD),FALSE,GBD classifies outside its Sub-Saharan Africa super-region; not in IHME download
SOM,Somalia,187,Eastern Sub-Saharan Africa,TRUE,
TZA,United Republic of Tanzania,189,Eastern Sub-Saharan Africa,TRUE,
UGA,Uganda,190,Eastern Sub-Saharan Africa,TRUE,
ZMB,Zambia,191,Eastern Sub-Saharan Africa,TRUE,
SSD,South Sudan,435,Eastern Sub-Saharan Africa,TRUE,
BWA,Botswana,193,Southern Sub-Saharan Africa,TRUE,
LSO,Lesotho,194,Southern Sub-Saharan Africa,TRUE,
NAM,Namibia,195,Southern Sub-Saharan Africa,TRUE,
ZAF,South Africa,196,Southern Sub-Saharan Africa,TRUE,
SWZ,Eswatini,197,Southern Sub-Saharan Africa,TRUE,
ZWE,Zimbabwe,198,Southern Sub-Saharan Africa,TRUE,
BEN,Benin,200,Western Sub-Saharan Africa,TRUE,
BFA,Burkina Faso,201,Western Sub-Saharan Africa,TRUE,
CMR,Cameroon,202,Western Sub-Saharan Africa,TRUE,
CPV,Cabo Verde,203,Western Sub-Saharan Africa,TRUE,
TCD,Chad,204,Western Sub-Saharan Africa,TRUE,
CIV,Côte d'Ivoire,205,Western Sub-Saharan Africa,TRUE,
GMB,Gambia,206,Western Sub-Saharan Africa,TRUE,
GHA,Ghana,207,Western Sub-Saharan Africa,TRUE,
GIN,Guinea,208,Western Sub-Saharan Africa,TRUE,
GNB,Guinea-Bissau,209,Western Sub-Saharan Africa,TRUE,
LBR,Liberia,210,Western Sub-Saharan Africa,TRUE,
MLI,Mali,211,Western Sub-Saharan Africa,TRUE,
MRT,Mauritania,212,Western Sub-Saharan Africa,TRUE,
NER,Niger,213,Western Sub-Saharan Africa,TRUE,
NGA,Nigeria,214,Western Sub-Saharan Africa,TRUE,
STP,Sao Tome and Principe,215,Western Sub-Saharan Africa,TRUE,
SEN,Senegal,216,Western Sub-Saharan Africa,TRUE,
SLE,Sierra Leone,217,Western Sub-Saharan Africa,TRUE,
TGO,Togo,218,Western Sub-Saharan Africa,TRUE,
