"iso3","country","pfpr_2_10","blend","pfpracm","all_cause","blend_per_1000","pfpracm_per_1000","ratio_pfpracm_to_blend"
"CPV","Cabo Verde",0,2.61264610475399e-09,0,0.0185785153011248,2.61264610475399e-06,0,0
"BWA","Botswana",0.0002068781341268,1.35864373481661e-05,6.79477487784245e-06,0.0291671055375655,0.0135864373481661,0.00679477487784245,0.500114540973436
"ZAF","South Africa",0.0001339454151873,6.89531105613814e-06,7.41770528115495e-06,0.0347937710343633,0.00689531105613814,0.00741770528115495,1.07576079175598
"SWZ","Eswatini",0.0005632572919035,4.16970629611734e-05,3.19162847463756e-05,0.0476991202816099,0.0416970629611734,0.0319162847463756,0.765432442474299
"NAM","Namibia",0.0032654889876527,0.000452572512114982,0.000159963062544407,0.0397294548236143,0.452572512114982,0.159963062544407,0.353452890448119
"STP","Sao Tome and Principe",0.0065883859495774,0.000221242711998927,0.000283355280058186,0.0244492755046775,0.221242711998927,0.283355280058186,1.28074401863036
"ERI","Eritrea",0.007850141639798,0.000885510278841401,0.000681567287457347,0.0462889855771782,0.885510278841401,0.681567287457347,0.769688736249462
"MRT","Mauritania",0.017175951233655,0.00157487371957479,0.000828301324833751,0.0397427514162471,1.57487371957479,0.828301324833751,0.525947772534671
"COM","Comoros",0.0172455866105999,0.000386803433907882,0.000878139104575627,0.0426670427716926,0.386803433907882,0.878139104575627,2.27024640320219
"DJI","Djibouti",0.0173951572103198,0.000692775361145543,0.000938071525140242,0.0485797959783043,0.692775361145543,0.938071525140242,1.35407749431084
"SEN","Senegal",0.0196541433106832,0.00187422784563499,0.00103793566980905,0.0405744740902687,1.87422784563499,1.03793566980905,0.55379375150485
"RWA","Rwanda",0.0221889287274173,0.00344922894816279,0.00155372167979172,0.0454473815551708,3.44922894816279,1.55372167979172,0.450454783704426
"ZWE","Zimbabwe",0.0229532123434793,0.000861125052668397,0.00156025675280607,0.059020554314724,0.861125052668397,1.56025675280607,1.8118817330552
"KEN","Kenya",0.0529415926288388,0.00168379210606621,0.00229311950978299,0.037032986710456,1.68379210606621,2.29311950978299,1.36187804986231
"ETH","Ethiopia",0.033652421886278,0.0027526856524923,0.00232047727223162,0.0524245705423824,2.7526856524923,2.32047727223162,0.842986655643242
"GMB","Gambia",0.036315687366685,0.0022437537343262,0.00243451470635439,0.0491020444569885,2.2437537343262,2.43451470635439,1.08501867611843
"TZA","United Republic of Tanzania",0.0925500097484039,0.00405391213375691,0.00461587648730135,0.0410287386456737,4.05391213375691,4.61587648730135,1.13862272664101
"SOM","Somalia",0.0293502797184825,0.00130833717884126,0.0050104899519083,0.0928107203835898,1.30833717884126,5.0104899519083,3.82966259228823
"GAB","Gabon",0.174512312690767,0.00306146866304691,0.00659710770306975,0.0347381745415598,3.06146866304691,6.59710770306975,2.15488330248137
"GNB","Guinea-Bissau",0.0613055917330613,0.00456209479932089,0.00671721402292112,0.0709861408920575,4.56209479932089,6.71721402292112,1.4723968524111
"GHA","Ghana",0.161001407436532,0.00490721477386639,0.00722217558712914,0.0403422878949244,4.90721477386639,7.22217558712914,1.47174638159128
"MDG","Madagascar",0.0969471831930549,0.00746109126138953,0.00894387498683004,0.0613371610475331,7.46109126138952,8.94387498683004,1.19873550309105
"COG","Congo",0.209273846301788,0.00541483973900627,0.010829634806886,0.0449838992519045,5.41483973900627,10.829634806886,1.99999175024032
"UGA","Uganda",0.243408208658391,0.0103312518210654,0.0131764249349118,0.0515853765507139,10.3312518210654,13.1764249349118,1.27539480821144
"ZMB","Zambia",0.25532184652695,0.00468940666008589,0.0133175020823581,0.0499885420505553,4.68940666008589,13.3175020823581,2.83991196492099
"MWI","Malawi",0.267824414351149,0.006336282293535,0.0133846463922162,0.0522542917217876,6.336282293535,13.3846463922162,2.11238164149864
"GNQ","Equatorial Guinea",0.215579564557049,0.00912972953227736,0.0143837910218183,0.0600313040224975,9.12972953227736,14.3837910218183,1.57548928157901
"AGO","Angola",0.232835893479416,0.00536851510695252,0.0146249229961584,0.053657632500581,5.36851510695252,14.6249229961584,2.72420263421041
"MOZ","Mozambique",0.263699026410119,0.00782449108342051,0.0161253357510482,0.0616422728264112,7.82449108342052,16.1253357510482,2.0608798168633
"LBR","Liberia",0.15178311726852,0.0175255533398582,0.0164123629628347,0.0853968741087056,17.5255533398582,16.4123629628347,0.936481869905254
"TGO","Togo",0.249833499971076,0.00798354024117311,0.0169487830512619,0.0598672550457112,7.98354024117311,16.9487830512619,2.12296581958124
"CIV","Côte d'Ivoire",0.253326808732979,0.00971400508948309,0.0178581869135748,0.0680967691890978,9.71400508948309,17.8581869135748,1.8383958778145
"CMR","Cameroon",0.223166536902946,0.0096057447455827,0.0185319509621169,0.067441369691817,9.6057447455827,18.5319509621169,1.92925706990486
"MLI","Mali",0.171533112244725,0.0115389734614175,0.0191550186217674,0.081529195635997,11.5389734614175,19.1550186217674,1.66002796399657
"BDI","Burundi",0.320422585724851,0.015133318332656,0.0196329463463701,0.064023979059858,15.133318332656,19.6329463463701,1.29733254232844
"BFA","Burkina Faso",0.286647794132478,0.0124584766485347,0.0207306017170431,0.0664234773938824,12.4584766485347,20.7306017170431,1.66397564500643
"TCD","Chad",0.139842328401427,0.0122187385975007,0.0222527038467696,0.101872116990991,12.2187385975007,22.2527038467696,1.82119485323315
"BEN","Benin",0.359526482156877,0.014981797512232,0.0243337627084305,0.0718108150076794,14.981797512232,24.3337627084305,1.62422183910595
"GIN","Guinea",0.246916965625587,0.0145632006665833,0.0253248971315516,0.0876545744527353,14.5632006665833,25.3248971315516,1.73896506072748
"COD","Democratic Republic of the Congo",0.303723948021125,0.0211600861728049,0.0259795042816158,0.0795992979078474,21.1600861728049,25.9795042816158,1.22775985265149
"SSD","South Sudan",0.268792249894059,0.0117007424848582,0.027326880225572,0.0997387520133299,11.7007424848582,27.326880225572,2.33548257821548
"NGA","Nigeria",0.239095387529452,0.0196169709488751,0.0297804544097764,0.101265808623173,19.6169709488751,29.7804544097764,1.5180964730686
"SLE","Sierra Leone",0.294660442627939,0.0247386982669884,0.0310082716918903,0.098142734231165,24.7386982669884,31.0082716918903,1.25343182398841
"CAF","Central African Republic",0.325037041164375,0.0191038956521711,0.0310463866057403,0.100274085368602,19.1038956521711,31.0463866057403,1.62513380364973
"NER","Niger",0.190698596431844,0.0218553161738765,0.0331035702713463,0.115256999878131,21.8553161738765,33.1035702713463,1.51466901727621
