REF_AREA,Geographic area,INDICATOR,Indicator,RESIDENCE,Residence,SEX,Sex,AGE,Current age,DATA_SOURCE,UNIT_MEASURE,Unit of measure,UNIT_MULTIPLIER,Unit multiplier,SOURCE_LINK,SERIES_FOOTNOTE,OBS_FOOTNOTE,TIME_PERIOD,OBS_VALUE,OBS_STATUS,Observation Status,OBS_CONF,Observation confidentaility,COVERAGE_TIME,FREQ_COLL,Time interval at which the source data are collected,TIME_PERIOD_METHOD,Time period activity related to when the data are collected
SYC,Seychelles,DM_BRTS,Number of births,_T,Total,_T,Total,_T,Total,"United Nations, Department of Economic and Social Affairs, Population Division (2024). World Population Prospects 2024.",PS,Persons,3,Thousands,https://population.un.org/wpp/,,,2023,1.744,PRED,Predicted,,,,,,,
SSD,South Sudan,DM_POP_U5,Population under age 5,_T,Total,_T,Total,_T,Total,"United Nations, Department of Economic and Social Affairs, Population Division (2024). World Population Prospects 2024.",PS,Persons,3,Thousands,https://population.un.org/wpp/,,,2023,1483.636,PRED,Predicted,,,,,,,
NGA,Nigeria,DM_POP_U5,Population under age 5,_T,Total,M,Male,_T,Total,"United Nations, Department of Economic and Social Affairs, Population Division (2024). World Population Prospects 2024.",PS,Persons,3,Thousands,https://population.un.org/wpp/,,,2023,16969.739,PRED,Predicted,,,,,,,
NGA,Nigeria,DM_POP_U5,Population under age 5,_T,Total,F,Female,_T,Total,"United Nations, Department of Economic and Social Affairs, Population Division (2024). World Population Prospects 2024.",PS,Persons,3,Thousands,https://population.un.org/wpp/,,,2023,16556.886,PRED,Predicted,,,,,,,
TCD,Chad,DM_BRTS,Number of births,_T,Total,_T,Total,_T,Total,"United Nations, Department of Economic and Social Affairs, Population Division (2024). World Population Prospects 2024.",PS,Persons,3,Thousands,https://population.un.org/wpp/,,,2023,819.054,PRED,Predicted,,,,,,,
COD,Democratic Republic of the Congo,DM_POP_U5,Population under age 5,_T,Total,_T,Total,_T,Total,"United Nations, Department of Economic and Social Affairs, Population Division (2024). World Population Prospects 2024.",PS,Persons,3,Thousands,https://population.un.org/wpp/,,,2023,19275.876,PRED,Predicted,,,,,,,
CAF,Central African Republic,DM_POP_U5,Population under age 5,_T,Total,F,Female,_T,Total,"United Nations, Department of Economic and Social Affairs, Population Division (2024). World Population Prospects 2024.",PS,Persons,3,Thousands,https://population.un.org/wpp/,,,2023,466.932,PRED,Predicted,,,,,,,
CAF,Central African Republic,DM_POP_U5,Population under age 5,_T,Total,M,Male,_T,Total,"United Nations, Department of Economic and Social Affairs, Population Division (2024). World Population Prospects 2024.",PS,Persons,3,Thousands,https://population.un.org/wpp/,,,2023,473.974,PRED,Predicted,,,,,,,
BFA,Burkina Faso,DM_POP_U5,Population under age 5,_T,Total,M,Male,_T,Total,"United Nations, Department of Economic and Social Affairs, Population Division (2024). World Population Prospects 2024.",PS,Persons,3,Thousands,https://population.un.org/wpp/,,,2023,1702.177,PRED,Predicted,,,,,,,
BFA,Burkina Faso,DM_POP_U5,Population under age 5,_T,Total,F,Female,_T,Total,"United Nations, Department of Economic and Social Affairs, Population Division (2024). World Population Prospects 2024.",PS,Persons,3,Thousands,https://population.un.org/wpp/,,,2023,1648.961,PRED,Predicted,,,,,,,
ETH,Ethiopia,DM_POP_U5,Population under age 5,_T,Total,_T,Total,_T,Total,"United Nations, Department of Economic and Social Affairs, Population Division (2024). World Population Prospects 2024.",PS,Persons,3,Thousands,https://population.un.org/wpp/,,,2023,19066.53,PRED,Predicted,,,,,,,
DJI,Djibouti,DM_BRTS,Number of births,_T,Total,_T,Total,_T,Total,"United Nations, Department of Economic and Social Affairs, Population Division (2024). World Population Prospects 2024.",PS,Persons,3,Thousands,https://population.un.org/wpp/,,,2023,23.946,PRED,Predicted,,,,,,,
CPV,Cabo Verde,DM_POP_U5,Population under age 5,_T,Total,M,Male,_T,Total,"United Nations, Department of Economic and Social Affairs, Population Division (2024). World Population Prospects 2024.",PS,Persons,3,Thousands,https://population.un.org/wpp/,,,2023,20.057,PRED,Predicted,,,,,,,
TCD,Chad,DM_POP_U5,Population under age 5,_T,Total,F,Female,_T,Total,"United Nations, Department of Economic and Social Affairs, Population Division (2024). World Population Prospects 2024.",PS,Persons,3,Thousands,https://population.un.org/wpp/,,,2023,1748.123,PRED,Predicted,,,,,,,
TCD,Chad,DM_POP_U5,Population under age 5,_T,Total,M,Male,_T,Total,"United Nations, Department of Economic and Social Affairs, Population Division (2024). World Population Prospects 2024.",PS,Persons,3,Thousands,https://population.un.org/wpp/,,,2023,1798.793,PRED,Predicted,,,,,,,
CPV,Cabo Verde,DM_POP_U5,Population under age 5,_T,Total,F,Female,_T,Total,"United Nations, Department of Economic and Social Affairs, Population Division (2024). World Population Prospects 2024.",PS,Persons,3,Thousands,https://population.un.org/wpp/,,,2023,19.077,PRED,Predicted,,,,,,,
ERI,Eritrea,DM_BRTS,Number of births,_T,Total,_T,Total,_T,Total,"United Nations, Department of Economic and Social Affairs, Population Division (2024). World Population Prospects 2024.",PS,Persons,3,Thousands,https://population.un.org/wpp/,,,2023,99.058,PRED,Predicted,,,,,,,
KEN,Kenya,DM_POP_U5,Population under age 5,_T,Total,_T,Total,_T,Total,"United Nations, Department of Economic and Social Affairs, Population Division (2024). World Population Prospects 2024.",PS,Persons,3,Thousands,https://population.un.org/wpp/,,,2023,7036.696,PRED,Predicted,,,,,,,
SLE,Sierra Leone,DM_POP_U5,Population under age 5,_T,Total,_T,Total,_T,Total,"United Nations, Department of Economic and Social Affairs, Population Division (2024). World Population Prospects 2024.",PS,Persons,3,Thousands,https://population.un.org/wpp/,,,2023,1163.735,PRED,Predicted,,,,,,,
GMB,Gambia,DM_POP_U5,Population under age 5,_T,Total,_T,Total,_T,Total,"United Nations, Department of Economic and Social Affairs, Population Division (2024). World Population Prospects 2024.",PS,Persons,3,Thousands,https://population.un.org/wpp/,,,2023,383.558,PRED,Predicted,,,,,,,
DJI,Djibouti,DM_POP_U5,Population under age 5,_T,Total,F,Female,_T,Total,"United Nations, Department of Economic and Social Affairs, Population Division (2024). World Population Prospects 2024.",PS,Persons,3,Thousands,https://population.un.org/wpp/,,,2023,56.441,PRED,Predicted,,,,,,,
DJI,Djibouti,DM_POP_U5,Population under age 5,_T,Total,M,Male,_T,Total,"United Nations, Department of Economic and Social Affairs, Population Division (2024). World Population Prospects 2024.",PS,Persons,3,Thousands,https://population.un.org/wpp/,,,2023,58.065,PRED,Predicted,,,,,,,
CPV,Cabo Verde,DM_BRTS,Number of births,_T,Total,_T,Total,_T,Total,"United Nations, Department of Economic and Social Affairs, Population Division (2024). World Population Prospects 2024.",PS,Persons,3,Thousands,https://population.un.org/wpp/,,,2023,6.44,PRED,Predicted,,,,,,,
SYC,Seychelles,DM_POP_U5,Population under age 5,_T,Total,M,Male,_T,Total,"United Nations, Department of Economic and Social Affairs, Population Division (2024). World Population Prospects 2024.",PS,Persons,3,Thousands,https://population.un.org/wpp/,,,2023,4.527,PRED,Predicted,,,,,,,
SYC,Seychelles,DM_POP_U5,Population under age 5,_T,Total,F,Female,_T,Total,"United Nations, Department of Economic and Social Affairs, Population Division (2024). World Population Prospects 2024.",PS,Persons,3,Thousands,https://population.un.org/wpp/,,,2023,4.323,PRED,Predicted,,,,,,,
SOM,Somalia,DM_POP_U5,Population under age 5,_T,Total,F,Female,_T,Total,"United Nations, Department of Economic and Social Affairs, Population Division (2024). World Population Prospects 2024.",PS,Persons,3,Thousands,https://population.un.org/wpp/,,,2023,1678.3,PRED,Predicted,,,,,,,
SOM,Somalia,DM_POP_U5,Population under age 5,_T,Total,M,Male,_T,Total,"United Nations, Department of Economic and Social Affairs, Population Division (2024). World Population Prospects 2024.",PS,Persons,3,Thousands,https://population.un.org/wpp/,,,2023,1733.407,PRED,Predicted,,,,,,,
CIV,Côte d'Ivoire,DM_BRTS,Number of births,_T,Total,_T,Total,_T,Total,"United Nations, Department of Economic and Social Affairs, Population Division (2024). World Population Prospects 2024.",PS,Persons,3,Thousands,https://population.un.org/wpp/,,,2023,997.001,PRED,Predicted,,,,,,,
GHA,Ghana,DM_POP_U5,Population under age 5,_T,Total,_T,Total,_T,Total,"United Nations, Department of Economic and Social Affairs, Population Division (2024). World Population Prospects 2024.",PS,Persons,3,Thousands,https://population.un.org/wpp/,,,2023,4225.767,PRED,Predicted,,,,,,,
ERI,Eritrea,DM_POP_U5,Population under age 5,_T,Total,M,Male,_T,Total,"United Nations, Department of Economic and Social Affairs, Population Division (2024). World Population Prospects 2024.",PS,Persons,3,Thousands,https://population.un.org/wpp/,,,2023,233.258,PRED,Predicted,,,,,,,
SEN,Senegal,DM_BRTS,Number of births,_T,Total,_T,Total,_T,Total,"United Nations, Department of Economic and Social Affairs, Population Division (2024). World Population Prospects 2024.",PS,Persons,3,Thousands,https://population.un.org/wpp/,,,2023,531.89,PRED,Predicted,,,,,,,
ERI,Eritrea,DM_POP_U5,Population under age 5,_T,Total,F,Female,_T,Total,"United Nations, Department of Economic and Social Affairs, Population Division (2024). World Population Prospects 2024.",PS,Persons,3,Thousands,https://population.un.org/wpp/,,,2023,227.854,PRED,Predicted,,,,,,,
COG,Congo,DM_BRTS,Number of births,_T,Total,_T,Total,_T,Total,"United Nations, Department of Economic and Social Affairs, Population Division (2024). World Population Prospects 2024.",PS,Persons,3,Thousands,https://population.un.org/wpp/,,,2023,189.365,PRED,Predicted,,,,,,,
SOM,Somalia,DM_BRTS,Number of births,_T,Total,_T,Total,_T,Total,"United Nations, Department of Economic and Social Affairs, Population Division (2024). World Population Prospects 2024.",PS,Persons,3,Thousands,https://population.un.org/wpp/,,,2023,788.763,PRED,Predicted,,,,,,,
UGA,Uganda,DM_POP_U5,Population under age 5,_T,Total,_T,Total,_T,Total,"United Nations, Department of Economic and Social Affairs, Population Division (2024). World Population Prospects 2024.",PS,Persons,3,Thousands,https://population.un.org/wpp/,,,2023,7938.35,PRED,Predicted,,,,,,,
BWA,Botswana,DM_POP_U5,Population under age 5,_T,Total,_T,Total,_T,Total,"United Nations, Department of Economic and Social Affairs, Population Division (2024). World Population Prospects 2024.",PS,Persons,3,Thousands,https://population.un.org/wpp/,,,2023,293.659,PRED,Predicted,,,,,,,
GNQ,Equatorial Guinea,DM_POP_U5,Population under age 5,_T,Total,_T,Total,_T,Total,"United Nations, Department of Economic and Social Affairs, Population Division (2024). World Population Prospects 2024.",PS,Persons,3,Thousands,https://population.un.org/wpp/,,,2023,252.431,PRED,Predicted,,,,,,,
COD,Democratic Republic of the Congo,DM_BRTS,Number of births,_T,Total,_T,Total,_T,Total,"United Nations, Department of Economic and Social Affairs, Population Division (2024). World Population Prospects 2024.",PS,Persons,3,Thousands,https://population.un.org/wpp/,,,2023,4369.683,PRED,Predicted,,,,,,,
GAB,Gabon,DM_POP_U5,Population under age 5,_T,Total,_T,Total,_T,Total,"United Nations, Department of Economic and Social Affairs, Population Division (2024). World Population Prospects 2024.",PS,Persons,3,Thousands,https://population.un.org/wpp/,,,2023,331.235,PRED,Predicted,,,,,,,
SWZ,Eswatini,DM_POP_U5,Population under age 5,_T,Total,_T,Total,_T,Total,"United Nations, Department of Economic and Social Affairs, Population Division (2024). World Population Prospects 2024.",PS,Persons,3,Thousands,https://population.un.org/wpp/,,,2023,142.151,PRED,Predicted,,,,,,,
SSD,South Sudan,DM_BRTS,Number of births,_T,Total,_T,Total,_T,Total,"United Nations, Department of Economic and Social Affairs, Population Division (2024). World Population Prospects 2024.",PS,Persons,3,Thousands,https://population.un.org/wpp/,,,2023,328.308,PRED,Predicted,,,,,,,
TZA,United Republic of Tanzania,DM_POP_U5,Population under age 5,_T,Total,_T,Total,_T,Total,"United Nations, Department of Economic and Social Affairs, Population Division (2024). World Population Prospects 2024.",PS,Persons,3,Thousands,https://population.un.org/wpp/,,,2023,10810.399,PRED,Predicted,,,,,,,
SEN,Senegal,DM_POP_U5,Population under age 5,_T,Total,F,Female,_T,Total,"United Nations, Department of Economic and Social Affairs, Population Division (2024). World Population Prospects 2024.",PS,Persons,3,Thousands,https://population.un.org/wpp/,,,2023,1187.372,PRED,Predicted,,,,,,,
SEN,Senegal,DM_POP_U5,Population under age 5,_T,Total,M,Male,_T,Total,"United Nations, Department of Economic and Social Affairs, Population Division (2024). World Population Prospects 2024.",PS,Persons,3,Thousands,https://population.un.org/wpp/,,,2023,1264.266,PRED,Predicted,,,,,,,
CIV,Côte d'Ivoire,DM_POP_U5,Population under age 5,_T,Total,M,Male,_T,Total,"United Nations, Department of Economic and Social Affairs, Population Division (2024). World Population Prospects 2024.",PS,Persons,3,Thousands,https://population.un.org/wpp/,,,2023,2313.485,PRED,Predicted,,,,,,,
COG,Congo,DM_POP_U5,Population under age 5,_T,Total,F,Female,_T,Total,"United Nations, Department of Economic and Social Affairs, Population Division (2024). World Population Prospects 2024.",PS,Persons,3,Thousands,https://population.un.org/wpp/,,,2023,438.612,PRED,Predicted,,,,,,,
COG,Congo,DM_POP_U5,Population under age 5,_T,Total,M,Male,_T,Total,"United Nations, Department of Economic and Social Affairs, Population Division (2024). World Population Prospects 2024.",PS,Persons,3,Thousands,https://population.un.org/wpp/,,,2023,447.071,PRED,Predicted,,,,,,,
CIV,Côte d'Ivoire,DM_POP_U5,Population under age 5,_T,Total,F,Female,_T,Total,"United Nations, Department of Economic and Social Affairs, Population Division (2024). World Population Prospects 2024.",PS,Persons,3,Thousands,https://population.un.org/wpp/,,,2023,2280.356,PRED,Predicted,,,,,,,
ETH,Ethiopia,DM_BRTS,Number of births,_T,Total,_T,Total,_T,Total,"United Nations, Department of Economic and Social Affairs, Population Division (2024). World Population Prospects 2024.",PS,Persons,3,Thousands,https://population.un.org/wpp/,,,2023,4105.685,PRED,Predicted,,,,,,,
MDG,Madagascar,DM_POP_U5,Population under age 5,_T,Total,_T,Total,_T,Total,"United Nations, Department of Economic and Social Affairs, Population Division (2024). World Population Prospects 2024.",PS,Persons,3,Thousands,https://population.un.org/wpp/,,,2023,4588.132,PRED,Predicted,,,,,,,
GMB,Gambia,DM_POP_U5,Population under age 5,_T,Total,M,Male,_T,Total,"United Nations, Department of Economic and Social Affairs, Population Division (2024). World Population Prospects 2024.",PS,Persons,3,Thousands,https://population.un.org/wpp/,,,2023,193.958,PRED,Predicted,,,,,,,
GMB,Gambia,DM_POP_U5,Population under age 5,_T,Total,F,Female,_T,Total,"United Nations, Department of Economic and Social Affairs, Population Division (2024). World Population Prospects 2024.",PS,Persons,3,Thousands,https://population.un.org/wpp/,,,2023,189.6,PRED,Predicted,,,,,,,
COD,Democratic Republic of the Congo,DM_POP_U5,Population under age 5,_T,Total,M,Male,_T,Total,"United Nations, Department of Economic and Social Affairs, Population Division (2024). World Population Prospects 2024.",PS,Persons,3,Thousands,https://population.un.org/wpp/,,,2023,9686.801,PRED,Predicted,,,,,,,
COD,Democratic Republic of the Congo,DM_POP_U5,Population under age 5,_T,Total,F,Female,_T,Total,"United Nations, Department of Economic and Social Affairs, Population Division (2024). World Population Prospects 2024.",PS,Persons,3,Thousands,https://population.un.org/wpp/,,,2023,9589.075,PRED,Predicted,,,,,,,
KEN,Kenya,DM_BRTS,Number of births,_T,Total,_T,Total,_T,Total,"United Nations, Department of Economic and Social Affairs, Population Division (2024). World Population Prospects 2024.",PS,Persons,3,Thousands,https://population.un.org/wpp/,,,2023,1499.998,PRED,Predicted,,,,,,,
MWI,Malawi,DM_POP_U5,Population under age 5,_T,Total,_T,Total,_T,Total,"United Nations, Department of Economic and Social Affairs, Population Division (2024). World Population Prospects 2024.",PS,Persons,3,Thousands,https://population.un.org/wpp/,,,2023,3079.813,PRED,Predicted,,,,,,,
ETH,Ethiopia,DM_POP_U5,Population under age 5,_T,Total,M,Male,_T,Total,"United Nations, Department of Economic and Social Affairs, Population Division (2024). World Population Prospects 2024.",PS,Persons,3,Thousands,https://population.un.org/wpp/,,,2023,9744.62,PRED,Predicted,,,,,,,
ETH,Ethiopia,DM_POP_U5,Population under age 5,_T,Total,F,Female,_T,Total,"United Nations, Department of Economic and Social Affairs, Population Division (2024). World Population Prospects 2024.",PS,Persons,3,Thousands,https://population.un.org/wpp/,,,2023,9321.91,PRED,Predicted,,,,,,,
GIN,Guinea,DM_POP_U5,Population under age 5,_T,Total,_T,Total,_T,Total,"United Nations, Department of Economic and Social Affairs, Population Division (2024). World Population Prospects 2024.",PS,Persons,3,Thousands,https://population.un.org/wpp/,,,2023,2194.57,PRED,Predicted,,,,,,,
GMB,Gambia,DM_BRTS,Number of births,_T,Total,_T,Total,_T,Total,"United Nations, Department of Economic and Social Affairs, Population Division (2024). World Population Prospects 2024.",PS,Persons,3,Thousands,https://population.un.org/wpp/,,,2023,82.092,PRED,Predicted,,,,,,,
SSD,South Sudan,DM_POP_U5,Population under age 5,_T,Total,F,Female,_T,Total,"United Nations, Department of Economic and Social Affairs, Population Division (2024). World Population Prospects 2024.",PS,Persons,3,Thousands,https://population.un.org/wpp/,,,2023,732.163,PRED,Predicted,,,,,,,
SSD,South Sudan,DM_POP_U5,Population under age 5,_T,Total,M,Male,_T,Total,"United Nations, Department of Economic and Social Affairs, Population Division (2024). World Population Prospects 2024.",PS,Persons,3,Thousands,https://population.un.org/wpp/,,,2023,751.473,PRED,Predicted,,,,,,,
SLE,Sierra Leone,DM_BRTS,Number of births,_T,Total,_T,Total,_T,Total,"United Nations, Department of Economic and Social Affairs, Population Division (2024). World Population Prospects 2024.",PS,Persons,3,Thousands,https://population.un.org/wpp/,,,2023,258.903,PRED,Predicted,,,,,,,
KEN,Kenya,DM_POP_U5,Population under age 5,_T,Total,F,Female,_T,Total,"United Nations, Department of Economic and Social Affairs, Population Division (2024). World Population Prospects 2024.",PS,Persons,3,Thousands,https://population.un.org/wpp/,,,2023,3492.622,PRED,Predicted,,,,,,,
KEN,Kenya,DM_POP_U5,Population under age 5,_T,Total,M,Male,_T,Total,"United Nations, Department of Economic and Social Affairs, Population Division (2024). World Population Prospects 2024.",PS,Persons,3,Thousands,https://population.un.org/wpp/,,,2023,3544.074,PRED,Predicted,,,,,,,
GNB,Guinea-Bissau,DM_POP_U5,Population under age 5,_T,Total,_T,Total,_T,Total,"United Nations, Department of Economic and Social Affairs, Population Division (2024). World Population Prospects 2024.",PS,Persons,3,Thousands,https://population.un.org/wpp/,,,2023,297.298,PRED,Predicted,,,,,,,
UGA,Uganda,DM_POP_U5,Population under age 5,_T,Total,F,Female,_T,Total,"United Nations, Department of Economic and Social Affairs, Population Division (2024). World Population Prospects 2024.",PS,Persons,3,Thousands,https://population.un.org/wpp/,,,2023,3928.044,PRED,Predicted,,,,,,,
UGA,Uganda,DM_POP_U5,Population under age 5,_T,Total,M,Male,_T,Total,"United Nations, Department of Economic and Social Affairs, Population Division (2024). World Population Prospects 2024.",PS,Persons,3,Thousands,https://population.un.org/wpp/,,,2023,4010.306,PRED,Predicted,,,,,,,
STP,Sao Tome and Principe,DM_POP_U5,Population under age 5,_T,Total,_T,Total,_T,Total,"United Nations, Department of Economic and Social Affairs, Population Division (2024). World Population Prospects 2024.",PS,Persons,3,Thousands,https://population.un.org/wpp/,,,2023,30.649,PRED,Predicted,,,,,,,
LSO,Lesotho,DM_POP_U5,Population under age 5,_T,Total,_T,Total,_T,Total,"United Nations, Department of Economic and Social Affairs, Population Division (2024). World Population Prospects 2024.",PS,Persons,3,Thousands,https://population.un.org/wpp/,,,2023,266.337,PRED,Predicted,,,,,,,
TGO,Togo,DM_POP_U5,Population under age 5,_T,Total,_T,Total,_T,Total,"United Nations, Department of Economic and Social Affairs, Population Division (2024). World Population Prospects 2024.",PS,Persons,3,Thousands,https://population.un.org/wpp/,,,2023,1134.788,PRED,Predicted,,,,,,,
GNQ,Equatorial Guinea,DM_BRTS,Number of births,_T,Total,_T,Total,_T,Total,"United Nations, Department of Economic and Social Affairs, Population Division (2024). World Population Prospects 2024.",PS,Persons,3,Thousands,https://population.un.org/wpp/,,,2023,54.694,PRED,Predicted,,,,,,,
ZMB,Zambia,DM_POP_U5,Population under age 5,_T,Total,_T,Total,_T,Total,"United Nations, Department of Economic and Social Affairs, Population Division (2024). World Population Prospects 2024.",PS,Persons,3,Thousands,https://population.un.org/wpp/,,,2023,3151.673,PRED,Predicted,,,,,,,
UGA,Uganda,DM_BRTS,Number of births,_T,Total,_T,Total,_T,Total,"United Nations, Department of Economic and Social Affairs, Population Division (2024). World Population Prospects 2024.",PS,Persons,3,Thousands,https://population.un.org/wpp/,,,2023,1712.75,PRED,Predicted,,,,,,,
GHA,Ghana,DM_BRTS,Number of births,_T,Total,_T,Total,_T,Total,"United Nations, Department of Economic and Social Affairs, Population Division (2024). World Population Prospects 2024.",PS,Persons,3,Thousands,https://population.un.org/wpp/,,,2023,888.947,PRED,Predicted,,,,,,,
SLE,Sierra Leone,DM_POP_U5,Population under age 5,_T,Total,M,Male,_T,Total,"United Nations, Department of Economic and Social Affairs, Population Division (2024). World Population Prospects 2024.",PS,Persons,3,Thousands,https://population.un.org/wpp/,,,2023,587.328,PRED,Predicted,,,,,,,
SLE,Sierra Leone,DM_POP_U5,Population under age 5,_T,Total,F,Female,_T,Total,"United Nations, Department of Economic and Social Affairs, Population Division (2024). World Population Prospects 2024.",PS,Persons,3,Thousands,https://population.un.org/wpp/,,,2023,576.407,PRED,Predicted,,,,,,,
BWA,Botswana,DM_BRTS,Number of births,_T,Total,_T,Total,_T,Total,"United Nations, Department of Economic and Social Affairs, Population Division (2024). World Population Prospects 2024.",PS,Persons,3,Thousands,https://population.un.org/wpp/,,,2023,61.294,PRED,Predicted,,,,,,,
SWZ,Eswatini,DM_BRTS,Number of births,_T,Total,_T,Total,_T,Total,"United Nations, Department of Economic and Social Affairs, Population Division (2024). World Population Prospects 2024.",PS,Persons,3,Thousands,https://population.un.org/wpp/,,,2023,29.622,PRED,Predicted,,,,,,,
NAM,Namibia,DM_POP_U5,Population under age 5,_T,Total,_T,Total,_T,Total,"United Nations, Department of Economic and Social Affairs, Population Division (2024). World Population Prospects 2024.",PS,Persons,3,Thousands,https://population.un.org/wpp/,,,2023,409.462,PRED,Predicted,,,,,,,
GAB,Gabon,DM_BRTS,Number of births,_T,Total,_T,Total,_T,Total,"United Nations, Department of Economic and Social Affairs, Population Division (2024). World Population Prospects 2024.",PS,Persons,3,Thousands,https://population.un.org/wpp/,,,2023,68.745,PRED,Predicted,,,,,,,
ZWE,Zimbabwe,DM_POP_U5,Population under age 5,_T,Total,_T,Total,_T,Total,"United Nations, Department of Economic and Social Affairs, Population Division (2024). World Population Prospects 2024.",PS,Persons,3,Thousands,https://population.un.org/wpp/,,,2023,2306.985,PRED,Predicted,,,,,,,
LBR,Liberia,DM_POP_U5,Population under age 5,_T,Total,_T,Total,_T,Total,"United Nations, Department of Economic and Social Affairs, Population Division (2024). World Population Prospects 2024.",PS,Persons,3,Thousands,https://population.un.org/wpp/,,,2023,772.931,PRED,Predicted,,,,,,,
GIN,Guinea,DM_BRTS,Number of births,_T,Total,_T,Total,_T,Total,"United Nations, Department of Economic and Social Affairs, Population Division (2024). World Population Prospects 2024.",PS,Persons,3,Thousands,https://population.un.org/wpp/,,,2023,487.595,PRED,Predicted,,,,,,,
TGO,Togo,DM_POP_U5,Population under age 5,_T,Total,M,Male,_T,Total,"United Nations, Department of Economic and Social Affairs, Population Division (2024). World Population Prospects 2024.",PS,Persons,3,Thousands,https://population.un.org/wpp/,,,2023,576.944,PRED,Predicted,,,,,,,
TGO,Togo,DM_POP_U5,Population under age 5,_T,Total,F,Female,_T,Total,"United Nations, Department of Economic and Social Affairs, Population Division (2024). World Population Prospects 2024.",PS,Persons,3,Thousands,https://population.un.org/wpp/,,,2023,557.844,PRED,Predicted,,,,,,,
TGO,Togo,DM_BRTS,Number of births,_T,Total,_T,Total,_T,Total,"United Nations, Department of Economic and Social Affairs, Population Division (2024). World Population Prospects 2024.",PS,Persons,3,Thousands,https://population.un.org/wpp/,,,2023,268.455,PRED,Predicted,,,,,,,
BWA,Botswana,DM_POP_U5,Population under age 5,_T,Total,F,Female,_T,Total,"United Nations, Department of Economic and Social Affairs, Population Division (2024). World Population Prospects 2024.",PS,Persons,3,Thousands,https://population.un.org/wpp/,,,2023,145.665,PRED,Predicted,,,,,,,
BWA,Botswana,DM_POP_U5,Population under age 5,_T,Total,M,Male,_T,Total,"United Nations, Department of Economic and Social Affairs, Population Division (2024). World Population Prospects 2024.",PS,Persons,3,Thousands,https://population.un.org/wpp/,,,2023,147.994,PRED,Predicted,,,,,,,
GHA,Ghana,DM_POP_U5,Population under age 5,_T,Total,F,Female,_T,Total,"United Nations, Department of Economic and Social Affairs, Population Division (2024). World Population Prospects 2024.",PS,Persons,3,Thousands,https://population.un.org/wpp/,,,2023,2081.881,PRED,Predicted,,,,,,,
GHA,Ghana,DM_POP_U5,Population under age 5,_T,Total,M,Male,_T,Total,"United Nations, Department of Economic and Social Affairs, Population Division (2024). World Population Prospects 2024.",PS,Persons,3,Thousands,https://population.un.org/wpp/,,,2023,2143.885,PRED,Predicted,,,,,,,
GNQ,Equatorial Guinea,DM_POP_U5,Population under age 5,_T,Total,M,Male,_T,Total,"United Nations, Department of Economic and Social Affairs, Population Division (2024). World Population Prospects 2024.",PS,Persons,3,Thousands,https://population.un.org/wpp/,,,2023,127.442,PRED,Predicted,,,,,,,
GNQ,Equatorial Guinea,DM_POP_U5,Population under age 5,_T,Total,F,Female,_T,Total,"United Nations, Department of Economic and Social Affairs, Population Division (2024). World Population Prospects 2024.",PS,Persons,3,Thousands,https://population.un.org/wpp/,,,2023,124.989,PRED,Predicted,,,,,,,
TZA,United Republic of Tanzania,DM_BRTS,Number of births,_T,Total,_T,Total,_T,Total,"United Nations, Department of Economic and Social Affairs, Population Division (2024). World Population Prospects 2024.",PS,Persons,3,Thousands,https://population.un.org/wpp/,,,2023,2346.391,PRED,Predicted,,,,,,,
MUS,Mauritius,DM_POP_U5,Population under age 5,_T,Total,_T,Total,_T,Total,"United Nations, Department of Economic and Social Affairs, Population Division (2024). World Population Prospects 2024.",PS,Persons,3,Thousands,https://population.un.org/wpp/,,,2023,60.56,PRED,Predicted,,,,,,,
MDG,Madagascar,DM_BRTS,Number of births,_T,Total,_T,Total,_T,Total,"United Nations, Department of Economic and Social Affairs, Population Division (2024). World Population Prospects 2024.",PS,Persons,3,Thousands,https://population.un.org/wpp/,,,2023,1001.244,PRED,Predicted,,,,,,,
GIN,Guinea,DM_POP_U5,Population under age 5,_T,Total,M,Male,_T,Total,"United Nations, Department of Economic and Social Affairs, Population Division (2024). World Population Prospects 2024.",PS,Persons,3,Thousands,https://population.un.org/wpp/,,,2023,1114.088,PRED,Predicted,,,,,,,
GIN,Guinea,DM_POP_U5,Population under age 5,_T,Total,F,Female,_T,Total,"United Nations, Department of Economic and Social Affairs, Population Division (2024). World Population Prospects 2024.",PS,Persons,3,Thousands,https://population.un.org/wpp/,,,2023,1080.483,PRED,Predicted,,,,,,,
ZMB,Zambia,DM_BRTS,Number of births,_T,Total,_T,Total,_T,Total,"United Nations, Department of Economic and Social Affairs, Population Division (2024). World Population Prospects 2024.",PS,Persons,3,Thousands,https://population.un.org/wpp/,,,2023,685.565,PRED,Predicted,,,,,,,
SWZ,Eswatini,DM_POP_U5,Population under age 5,_T,Total,M,Male,_T,Total,"United Nations, Department of Economic and Social Affairs, Population Division (2024). World Population Prospects 2024.",PS,Persons,3,Thousands,https://population.un.org/wpp/,,,2023,71.778,PRED,Predicted,,,,,,,
SWZ,Eswatini,DM_POP_U5,Population under age 5,_T,Total,F,Female,_T,Total,"United Nations, Department of Economic and Social Affairs, Population Division (2024). World Population Prospects 2024.",PS,Persons,3,Thousands,https://population.un.org/wpp/,,,2023,70.373,PRED,Predicted,,,,,,,
MWI,Malawi,DM_BRTS,Number of births,_T,Total,_T,Total,_T,Total,"United Nations, Department of Economic and Social Affairs, Population Division (2024). World Population Prospects 2024.",PS,Persons,3,Thousands,https://population.un.org/wpp/,,,2023,662.289,PRED,Predicted,,,,,,,
MDG,Madagascar,DM_POP_U5,Population under age 5,_T,Total,F,Female,_T,Total,"United Nations, Department of Economic and Social Affairs, Population Division (2024). World Population Prospects 2024.",PS,Persons,3,Thousands,https://population.un.org/wpp/,,,2023,2261.235,PRED,Predicted,,,,,,,
MDG,Madagascar,DM_POP_U5,Population under age 5,_T,Total,M,Male,_T,Total,"United Nations, Department of Economic and Social Affairs, Population Division (2024). World Population Prospects 2024.",PS,Persons,3,Thousands,https://population.un.org/wpp/,,,2023,2326.898,PRED,Predicted,,,,,,,
GAB,Gabon,DM_POP_U5,Population under age 5,_T,Total,F,Female,_T,Total,"United Nations, Department of Economic and Social Affairs, Population Division (2024). World Population Prospects 2024.",PS,Persons,3,Thousands,https://population.un.org/wpp/,,,2023,164.496,PRED,Predicted,,,,,,,
GAB,Gabon,DM_POP_U5,Population under age 5,_T,Total,M,Male,_T,Total,"United Nations, Department of Economic and Social Affairs, Population Division (2024). World Population Prospects 2024.",PS,Persons,3,Thousands,https://population.un.org/wpp/,,,2023,166.738,PRED,Predicted,,,,,,,
TZA,United Republic of Tanzania,DM_POP_U5,Population under age 5,_T,Total,M,Male,_T,Total,"United Nations, Department of Economic and Social Affairs, Population Division (2024). World Population Prospects 2024.",PS,Persons,3,Thousands,https://population.un.org/wpp/,,,2023,5467.509,PRED,Predicted,,,,,,,
TZA,United Republic of Tanzania,DM_POP_U5,Population under age 5,_T,Total,F,Female,_T,Total,"United Nations, Department of Economic and Social Affairs, Population Division (2024). World Population Prospects 2024.",PS,Persons,3,Thousands,https://population.un.org/wpp/,,,2023,5342.891,PRED,Predicted,,,,,,,
MWI,Malawi,DM_POP_U5,Population under age 5,_T,Total,M,Male,_T,Total,"United Nations, Department of Economic and Social Affairs, Population Division (2024). World Population Prospects 2024.",PS,Persons,3,Thousands,https://population.un.org/wpp/,,,2023,1543.873,PRED,Predicted,,,,,,,
MWI,Malawi,DM_POP_U5,Population under age 5,_T,Total,F,Female,_T,Total,"United Nations, Department of Economic and Social Affairs, Population Division (2024). World Population Prospects 2024.",PS,Persons,3,Thousands,https://population.un.org/wpp/,,,2023,1535.939,PRED,Predicted,,,,,,,
STP,Sao Tome and Principe,DM_POP_U5,Population under age 5,_T,Total,F,Female,_T,Total,"United Nations, Department of Economic and Social Affairs, Population Division (2024). World Population Prospects 2024.",PS,Persons,3,Thousands,https://population.un.org/wpp/,,,2023,15.145,PRED,Predicted,,,,,,,
STP,Sao Tome and Principe,DM_POP_U5,Population under age 5,_T,Total,M,Male,_T,Total,"United Nations, Department of Economic and Social Affairs, Population Division (2024). World Population Prospects 2024.",PS,Persons,3,Thousands,https://population.un.org/wpp/,,,2023,15.504,PRED,Predicted,,,,,,,
ZMB,Zambia,DM_POP_U5,Population under age 5,_T,Total,M,Male,_T,Total,"United Nations, Department of Economic and Social Affairs, Population Division (2024). World Population Prospects 2024.",PS,Persons,3,Thousands,https://population.un.org/wpp/,,,2023,1577.027,PRED,Predicted,,,,,,,
ZMB,Zambia,DM_POP_U5,Population under age 5,_T,Total,F,Female,_T,Total,"United Nations, Department of Economic and Social Affairs, Population Division (2024). World Population Prospects 2024.",PS,Persons,3,Thousands,https://population.un.org/wpp/,,,2023,1574.646,PRED,Predicted,,,,,,,
LSO,Lesotho,DM_BRTS,Number of births,_T,Total,_T,Total,_T,Total,"United Nations, Department of Economic and Social Affairs, Population Division (2024). World Population Prospects 2024.",PS,Persons,3,Thousands,https://population.un.org/wpp/,,,2023,55.728,PRED,Predicted,,,,,,,
ZAF,South Africa,DM_POP_U5,Population under age 5,_T,Total,_T,Total,_T,Total,"United Nations, Department of Economic and Social Affairs, Population Division (2024). World Population Prospects 2024.",PS,Persons,3,Thousands,https://population.un.org/wpp/,,,2023,5887.775,PRED,Predicted,,,,,,,
GNB,Guinea-Bissau,DM_BRTS,Number of births,_T,Total,_T,Total,_T,Total,"United Nations, Department of Economic and Social Affairs, Population Division (2024). World Population Prospects 2024.",PS,Persons,3,Thousands,https://population.un.org/wpp/,,,2023,64.679,PRED,Predicted,,,,,,,
STP,Sao Tome and Principe,DM_BRTS,Number of births,_T,Total,_T,Total,_T,Total,"United Nations, Department of Economic and Social Affairs, Population Division (2024). World Population Prospects 2024.",PS,Persons,3,Thousands,https://population.un.org/wpp/,,,2023,6.507,PRED,Predicted,,,,,,,
MLI,Mali,DM_POP_U5,Population under age 5,_T,Total,_T,Total,_T,Total,"United Nations, Department of Economic and Social Affairs, Population Division (2024). World Population Prospects 2024.",PS,Persons,3,Thousands,https://population.un.org/wpp/,,,2023,4158.172,PRED,Predicted,,,,,,,
MRT,Mauritania,DM_POP_U5,Population under age 5,_T,Total,_T,Total,_T,Total,"United Nations, Department of Economic and Social Affairs, Population Division (2024). World Population Prospects 2024.",PS,Persons,3,Thousands,https://population.un.org/wpp/,,,2023,799.916,PRED,Predicted,,,,,,,
LBR,Liberia,DM_BRTS,Number of births,_T,Total,_T,Total,_T,Total,"United Nations, Department of Economic and Social Affairs, Population Division (2024). World Population Prospects 2024.",PS,Persons,3,Thousands,https://population.un.org/wpp/,,,2023,170.065,PRED,Predicted,,,,,,,
NAM,Namibia,DM_BRTS,Number of births,_T,Total,_T,Total,_T,Total,"United Nations, Department of Economic and Social Affairs, Population Division (2024). World Population Prospects 2024.",PS,Persons,3,Thousands,https://population.un.org/wpp/,,,2023,76.715,PRED,Predicted,,,,,,,
GNB,Guinea-Bissau,DM_POP_U5,Population under age 5,_T,Total,F,Female,_T,Total,"United Nations, Department of Economic and Social Affairs, Population Division (2024). World Population Prospects 2024.",PS,Persons,3,Thousands,https://population.un.org/wpp/,,,2023,146.542,PRED,Predicted,,,,,,,
GNB,Guinea-Bissau,DM_POP_U5,Population under age 5,_T,Total,M,Male,_T,Total,"United Nations, Department of Economic and Social Affairs, Population Division (2024). World Population Prospects 2024.",PS,Persons,3,Thousands,https://population.un.org/wpp/,,,2023,150.757,PRED,Predicted,,,,,,,
AGO,Angola,DM_POP_U5,Population under age 5,_T,Total,_T,Total,_T,Total,"United Nations, Department of Economic and Social Affairs, Population Division (2024). World Population Prospects 2024.",PS,Persons,3,Thousands,https://population.un.org/wpp/,,,2023,6219.257,PRED,Predicted,,,,,,,
ZWE,Zimbabwe,DM_BRTS,Number of births,_T,Total,_T,Total,_T,Total,"United Nations, Department of Economic and Social Affairs, Population Division (2024). World Population Prospects 2024.",PS,Persons,3,Thousands,https://population.un.org/wpp/,,,2023,496.917,PRED,Predicted,,,,,,,
LSO,Lesotho,DM_POP_U5,Population under age 5,_T,Total,M,Male,_T,Total,"United Nations, Department of Economic and Social Affairs, Population Division (2024). World Population Prospects 2024.",PS,Persons,3,Thousands,https://population.un.org/wpp/,,,2023,134.213,PRED,Predicted,,,,,,,
MOZ,Mozambique,DM_POP_U5,Population under age 5,_T,Total,_T,Total,_T,Total,"United Nations, Department of Economic and Social Affairs, Population Division (2024). World Population Prospects 2024.",PS,Persons,3,Thousands,https://population.un.org/wpp/,,,2023,5668.611,PRED,Predicted,,,,,,,
LSO,Lesotho,DM_POP_U5,Population under age 5,_T,Total,F,Female,_T,Total,"United Nations, Department of Economic and Social Affairs, Population Division (2024). World Population Prospects 2024.",PS,Persons,3,Thousands,https://population.un.org/wpp/,,,2023,132.125,PRED,Predicted,,,,,,,
MUS,Mauritius,DM_BRTS,Number of births,_T,Total,_T,Total,_T,Total,"United Nations, Department of Economic and Social Affairs, Population Division (2024). World Population Prospects 2024.",PS,Persons,3,Thousands,https://population.un.org/wpp/,,,2023,11.804,PRED,Predicted,,,,,,,
LBR,Liberia,DM_POP_U5,Population under age 5,_T,Total,F,Female,_T,Total,"United Nations, Department of Economic and Social Affairs, Population Division (2024). World Population Prospects 2024.",PS,Persons,3,Thousands,https://population.un.org/wpp/,,,2023,381.364,PRED,Predicted,,,,,,,
BDI,Burundi,DM_POP_U5,Population under age 5,_T,Total,_T,Total,_T,Total,"United Nations, Department of Economic and Social Affairs, Population Division (2024). World Population Prospects 2024.",PS,Persons,3,Thousands,https://population.un.org/wpp/,,,2023,2167.234,PRED,Predicted,,,,,,,
NAM,Namibia,DM_POP_U5,Population under age 5,_T,Total,M,Male,_T,Total,"United Nations, Department of Economic and Social Affairs, Population Division (2024). World Population Prospects 2024.",PS,Persons,3,Thousands,https://population.un.org/wpp/,,,2023,204.609,PRED,Predicted,,,,,,,
CMR,Cameroon,DM_POP_U5,Population under age 5,_T,Total,_T,Total,_T,Total,"United Nations, Department of Economic and Social Affairs, Population Division (2024). World Population Prospects 2024.",PS,Persons,3,Thousands,https://population.un.org/wpp/,,,2023,4393.101,PRED,Predicted,,,,,,,
NAM,Namibia,DM_POP_U5,Population under age 5,_T,Total,F,Female,_T,Total,"United Nations, Department of Economic and Social Affairs, Population Division (2024). World Population Prospects 2024.",PS,Persons,3,Thousands,https://population.un.org/wpp/,,,2023,204.853,PRED,Predicted,,,,,,,
LBR,Liberia,DM_POP_U5,Population under age 5,_T,Total,M,Male,_T,Total,"United Nations, Department of Economic and Social Affairs, Population Division (2024). World Population Prospects 2024.",PS,Persons,3,Thousands,https://population.un.org/wpp/,,,2023,391.567,PRED,Predicted,,,,,,,
MUS,Mauritius,DM_POP_U5,Population under age 5,_T,Total,M,Male,_T,Total,"United Nations, Department of Economic and Social Affairs, Population Division (2024). World Population Prospects 2024.",PS,Persons,3,Thousands,https://population.un.org/wpp/,,,2023,29.787,PRED,Predicted,,,,,,,
MUS,Mauritius,DM_POP_U5,Population under age 5,_T,Total,F,Female,_T,Total,"United Nations, Department of Economic and Social Affairs, Population Division (2024). World Population Prospects 2024.",PS,Persons,3,Thousands,https://population.un.org/wpp/,,,2023,30.773,PRED,Predicted,,,,,,,
ZWE,Zimbabwe,DM_POP_U5,Population under age 5,_T,Total,F,Female,_T,Total,"United Nations, Department of Economic and Social Affairs, Population Division (2024). World Population Prospects 2024.",PS,Persons,3,Thousands,https://population.un.org/wpp/,,,2023,1143.813,PRED,Predicted,,,,,,,
ZWE,Zimbabwe,DM_POP_U5,Population under age 5,_T,Total,M,Male,_T,Total,"United Nations, Department of Economic and Social Affairs, Population Division (2024). World Population Prospects 2024.",PS,Persons,3,Thousands,https://population.un.org/wpp/,,,2023,1163.172,PRED,Predicted,,,,,,,
MLI,Mali,DM_BRTS,Number of births,_T,Total,_T,Total,_T,Total,"United Nations, Department of Economic and Social Affairs, Population Division (2024). World Population Prospects 2024.",PS,Persons,3,Thousands,https://population.un.org/wpp/,,,2023,951.445,PRED,Predicted,,,,,,,
NER,Niger,DM_POP_U5,Population under age 5,_T,Total,_T,Total,_T,Total,"United Nations, Department of Economic and Social Affairs, Population Division (2024). World Population Prospects 2024.",PS,Persons,3,Thousands,https://population.un.org/wpp/,,,2023,4667.151,PRED,Predicted,,,,,,,
ZAF,South Africa,DM_BRTS,Number of births,_T,Total,_T,Total,_T,Total,"United Nations, Department of Economic and Social Affairs, Population Division (2024). World Population Prospects 2024.",PS,Persons,3,Thousands,https://population.un.org/wpp/,,,2023,1186.793,PRED,Predicted,,,,,,,
BEN,Benin,DM_POP_U5,Population under age 5,_T,Total,_T,Total,_T,Total,"United Nations, Department of Economic and Social Affairs, Population Division (2024). World Population Prospects 2024.",PS,Persons,3,Thousands,https://population.un.org/wpp/,,,2023,2176.443,PRED,Predicted,,,,,,,
NGA,Nigeria,DM_POP_U5,Population under age 5,_T,Total,_T,Total,_T,Total,"United Nations, Department of Economic and Social Affairs, Population Division (2024). World Population Prospects 2024.",PS,Persons,3,Thousands,https://population.un.org/wpp/,,,2023,33526.624,PRED,Predicted,,,,,,,
MRT,Mauritania,DM_BRTS,Number of births,_T,Total,_T,Total,_T,Total,"United Nations, Department of Economic and Social Affairs, Population Division (2024). World Population Prospects 2024.",PS,Persons,3,Thousands,https://population.un.org/wpp/,,,2023,172.885,PRED,Predicted,,,,,,,
BFA,Burkina Faso,DM_POP_U5,Population under age 5,_T,Total,_T,Total,_T,Total,"United Nations, Department of Economic and Social Affairs, Population Division (2024). World Population Prospects 2024.",PS,Persons,3,Thousands,https://population.un.org/wpp/,,,2023,3351.139,PRED,Predicted,,,,,,,
COM,Comoros,DM_POP_U5,Population under age 5,_T,Total,_T,Total,_T,Total,"United Nations, Department of Economic and Social Affairs, Population Division (2024). World Population Prospects 2024.",PS,Persons,3,Thousands,https://population.un.org/wpp/,,,2023,114.145,PRED,Predicted,,,,,,,
MOZ,Mozambique,DM_BRTS,Number of births,_T,Total,_T,Total,_T,Total,"United Nations, Department of Economic and Social Affairs, Population Division (2024). World Population Prospects 2024.",PS,Persons,3,Thousands,https://population.un.org/wpp/,,,2023,1260.855,PRED,Predicted,,,,,,,
RWA,Rwanda,DM_POP_U5,Population under age 5,_T,Total,_T,Total,_T,Total,"United Nations, Department of Economic and Social Affairs, Population Division (2024). World Population Prospects 2024.",PS,Persons,3,Thousands,https://population.un.org/wpp/,,,2023,1878.434,PRED,Predicted,,,,,,,
ZAF,South Africa,DM_POP_U5,Population under age 5,_T,Total,M,Male,_T,Total,"United Nations, Department of Economic and Social Affairs, Population Division (2024). World Population Prospects 2024.",PS,Persons,3,Thousands,https://population.un.org/wpp/,,,2023,2960.034,PRED,Predicted,,,,,,,
CAF,Central African Republic,DM_POP_U5,Population under age 5,_T,Total,_T,Total,_T,Total,"United Nations, Department of Economic and Social Affairs, Population Division (2024). World Population Prospects 2024.",PS,Persons,3,Thousands,https://population.un.org/wpp/,,,2023,940.907,PRED,Predicted,,,,,,,
ZAF,South Africa,DM_POP_U5,Population under age 5,_T,Total,F,Female,_T,Total,"United Nations, Department of Economic and Social Affairs, Population Division (2024). World Population Prospects 2024.",PS,Persons,3,Thousands,https://population.un.org/wpp/,,,2023,2927.742,PRED,Predicted,,,,,,,
AGO,Angola,DM_BRTS,Number of births,_T,Total,_T,Total,_T,Total,"United Nations, Department of Economic and Social Affairs, Population Division (2024). World Population Prospects 2024.",PS,Persons,3,Thousands,https://population.un.org/wpp/,,,2023,1381.37,PRED,Predicted,,,,,,,
MLI,Mali,DM_POP_U5,Population under age 5,_T,Total,F,Female,_T,Total,"United Nations, Department of Economic and Social Affairs, Population Division (2024). World Population Prospects 2024.",PS,Persons,3,Thousands,https://population.un.org/wpp/,,,2023,2056.602,PRED,Predicted,,,,,,,
MLI,Mali,DM_POP_U5,Population under age 5,_T,Total,M,Male,_T,Total,"United Nations, Department of Economic and Social Affairs, Population Division (2024). World Population Prospects 2024.",PS,Persons,3,Thousands,https://population.un.org/wpp/,,,2023,2101.57,PRED,Predicted,,,,,,,
SYC,Seychelles,DM_POP_U5,Population under age 5,_T,Total,_T,Total,_T,Total,"United Nations, Department of Economic and Social Affairs, Population Division (2024). World Population Prospects 2024.",PS,Persons,3,Thousands,https://population.un.org/wpp/,,,2023,8.85,PRED,Predicted,,,,,,,
DJI,Djibouti,DM_POP_U5,Population under age 5,_T,Total,_T,Total,_T,Total,"United Nations, Department of Economic and Social Affairs, Population Division (2024). World Population Prospects 2024.",PS,Persons,3,Thousands,https://population.un.org/wpp/,,,2023,114.506,PRED,Predicted,,,,,,,
BDI,Burundi,DM_BRTS,Number of births,_T,Total,_T,Total,_T,Total,"United Nations, Department of Economic and Social Affairs, Population Division (2024). World Population Prospects 2024.",PS,Persons,3,Thousands,https://population.un.org/wpp/,,,2023,460.882,PRED,Predicted,,,,,,,
CMR,Cameroon,DM_BRTS,Number of births,_T,Total,_T,Total,_T,Total,"United Nations, Department of Economic and Social Affairs, Population Division (2024). World Population Prospects 2024.",PS,Persons,3,Thousands,https://population.un.org/wpp/,,,2023,957.392,PRED,Predicted,,,,,,,
MRT,Mauritania,DM_POP_U5,Population under age 5,_T,Total,M,Male,_T,Total,"United Nations, Department of Economic and Social Affairs, Population Division (2024). World Population Prospects 2024.",PS,Persons,3,Thousands,https://population.un.org/wpp/,,,2023,404.941,PRED,Predicted,,,,,,,
TCD,Chad,DM_POP_U5,Population under age 5,_T,Total,_T,Total,_T,Total,"United Nations, Department of Economic and Social Affairs, Population Division (2024). World Population Prospects 2024.",PS,Persons,3,Thousands,https://population.un.org/wpp/,,,2023,3546.916,PRED,Predicted,,,,,,,
MRT,Mauritania,DM_POP_U5,Population under age 5,_T,Total,F,Female,_T,Total,"United Nations, Department of Economic and Social Affairs, Population Division (2024). World Population Prospects 2024.",PS,Persons,3,Thousands,https://population.un.org/wpp/,,,2023,394.975,PRED,Predicted,,,,,,,
AGO,Angola,DM_POP_U5,Population under age 5,_T,Total,M,Male,_T,Total,"United Nations, Department of Economic and Social Affairs, Population Division (2024). World Population Prospects 2024.",PS,Persons,3,Thousands,https://population.un.org/wpp/,,,2023,3133.18,PRED,Predicted,,,,,,,
AGO,Angola,DM_POP_U5,Population under age 5,_T,Total,F,Female,_T,Total,"United Nations, Department of Economic and Social Affairs, Population Division (2024). World Population Prospects 2024.",PS,Persons,3,Thousands,https://population.un.org/wpp/,,,2023,3086.077,PRED,Predicted,,,,,,,
MOZ,Mozambique,DM_POP_U5,Population under age 5,_T,Total,F,Female,_T,Total,"United Nations, Department of Economic and Social Affairs, Population Division (2024). World Population Prospects 2024.",PS,Persons,3,Thousands,https://population.un.org/wpp/,,,2023,2819.161,PRED,Predicted,,,,,,,
MOZ,Mozambique,DM_POP_U5,Population under age 5,_T,Total,M,Male,_T,Total,"United Nations, Department of Economic and Social Affairs, Population Division (2024). World Population Prospects 2024.",PS,Persons,3,Thousands,https://population.un.org/wpp/,,,2023,2849.45,PRED,Predicted,,,,,,,
CMR,Cameroon,DM_POP_U5,Population under age 5,_T,Total,M,Male,_T,Total,"United Nations, Department of Economic and Social Affairs, Population Division (2024). World Population Prospects 2024.",PS,Persons,3,Thousands,https://population.un.org/wpp/,,,2023,2217.519,PRED,Predicted,,,,,,,
CMR,Cameroon,DM_POP_U5,Population under age 5,_T,Total,F,Female,_T,Total,"United Nations, Department of Economic and Social Affairs, Population Division (2024). World Population Prospects 2024.",PS,Persons,3,Thousands,https://population.un.org/wpp/,,,2023,2175.581,PRED,Predicted,,,,,,,
BEN,Benin,DM_POP_U5,Population under age 5,_T,Total,M,Male,_T,Total,"United Nations, Department of Economic and Social Affairs, Population Division (2024). World Population Prospects 2024.",PS,Persons,3,Thousands,https://population.un.org/wpp/,,,2023,1103.867,PRED,Predicted,,,,,,,
ERI,Eritrea,DM_POP_U5,Population under age 5,_T,Total,_T,Total,_T,Total,"United Nations, Department of Economic and Social Affairs, Population Division (2024). World Population Prospects 2024.",PS,Persons,3,Thousands,https://population.un.org/wpp/,,,2023,461.113,PRED,Predicted,,,,,,,
COM,Comoros,DM_BRTS,Number of births,_T,Total,_T,Total,_T,Total,"United Nations, Department of Economic and Social Affairs, Population Division (2024). World Population Prospects 2024.",PS,Persons,3,Thousands,https://population.un.org/wpp/,,,2023,24.366,PRED,Predicted,,,,,,,
NER,Niger,DM_BRTS,Number of births,_T,Total,_T,Total,_T,Total,"United Nations, Department of Economic and Social Affairs, Population Division (2024). World Population Prospects 2024.",PS,Persons,3,Thousands,https://population.un.org/wpp/,,,2023,1095.892,PRED,Predicted,,,,,,,
BDI,Burundi,DM_POP_U5,Population under age 5,_T,Total,F,Female,_T,Total,"United Nations, Department of Economic and Social Affairs, Population Division (2024). World Population Prospects 2024.",PS,Persons,3,Thousands,https://population.un.org/wpp/,,,2023,1074.853,PRED,Predicted,,,,,,,
BDI,Burundi,DM_POP_U5,Population under age 5,_T,Total,M,Male,_T,Total,"United Nations, Department of Economic and Social Affairs, Population Division (2024). World Population Prospects 2024.",PS,Persons,3,Thousands,https://population.un.org/wpp/,,,2023,1092.381,PRED,Predicted,,,,,,,
BEN,Benin,DM_BRTS,Number of births,_T,Total,_T,Total,_T,Total,"United Nations, Department of Economic and Social Affairs, Population Division (2024). World Population Prospects 2024.",PS,Persons,3,Thousands,https://population.un.org/wpp/,,,2023,478.062,PRED,Predicted,,,,,,,
CPV,Cabo Verde,DM_POP_U5,Population under age 5,_T,Total,_T,Total,_T,Total,"United Nations, Department of Economic and Social Affairs, Population Division (2024). World Population Prospects 2024.",PS,Persons,3,Thousands,https://population.un.org/wpp/,,,2023,39.134,PRED,Predicted,,,,,,,
NGA,Nigeria,DM_BRTS,Number of births,_T,Total,_T,Total,_T,Total,"United Nations, Department of Economic and Social Affairs, Population Division (2024). World Population Prospects 2024.",PS,Persons,3,Thousands,https://population.un.org/wpp/,,,2023,7509.758,PRED,Predicted,,,,,,,
SEN,Senegal,DM_POP_U5,Population under age 5,_T,Total,_T,Total,_T,Total,"United Nations, Department of Economic and Social Affairs, Population Division (2024). World Population Prospects 2024.",PS,Persons,3,Thousands,https://population.un.org/wpp/,,,2023,2451.639,PRED,Predicted,,,,,,,
COM,Comoros,DM_POP_U5,Population under age 5,_T,Total,F,Female,_T,Total,"United Nations, Department of Economic and Social Affairs, Population Division (2024). World Population Prospects 2024.",PS,Persons,3,Thousands,https://population.un.org/wpp/,,,2023,56.336,PRED,Predicted,,,,,,,
COM,Comoros,DM_POP_U5,Population under age 5,_T,Total,M,Male,_T,Total,"United Nations, Department of Economic and Social Affairs, Population Division (2024). World Population Prospects 2024.",PS,Persons,3,Thousands,https://population.un.org/wpp/,,,2023,57.809,PRED,Predicted,,,,,,,
RWA,Rwanda,DM_POP_U5,Population under age 5,_T,Total,M,Male,_T,Total,"United Nations, Department of Economic and Social Affairs, Population Division (2024). World Population Prospects 2024.",PS,Persons,3,Thousands,https://population.un.org/wpp/,,,2023,948.116,PRED,Predicted,,,,,,,
RWA,Rwanda,DM_POP_U5,Population under age 5,_T,Total,F,Female,_T,Total,"United Nations, Department of Economic and Social Affairs, Population Division (2024). World Population Prospects 2024.",PS,Persons,3,Thousands,https://population.un.org/wpp/,,,2023,930.317,PRED,Predicted,,,,,,,
BFA,Burkina Faso,DM_BRTS,Number of births,_T,Total,_T,Total,_T,Total,"United Nations, Department of Economic and Social Affairs, Population Division (2024). World Population Prospects 2024.",PS,Persons,3,Thousands,https://population.un.org/wpp/,,,2023,728.612,PRED,Predicted,,,,,,,
CIV,Côte d'Ivoire,DM_POP_U5,Population under age 5,_T,Total,_T,Total,_T,Total,"United Nations, Department of Economic and Social Affairs, Population Division (2024). World Population Prospects 2024.",PS,Persons,3,Thousands,https://population.un.org/wpp/,,,2023,4593.841,PRED,Predicted,,,,,,,
RWA,Rwanda,DM_BRTS,Number of births,_T,Total,_T,Total,_T,Total,"United Nations, Department of Economic and Social Affairs, Population Division (2024). World Population Prospects 2024.",PS,Persons,3,Thousands,https://population.un.org/wpp/,,,2023,395.578,PRED,Predicted,,,,,,,
SOM,Somalia,DM_POP_U5,Population under age 5,_T,Total,_T,Total,_T,Total,"United Nations, Department of Economic and Social Affairs, Population Division (2024). World Population Prospects 2024.",PS,Persons,3,Thousands,https://population.un.org/wpp/,,,2023,3411.706,PRED,Predicted,,,,,,,
BEN,Benin,DM_POP_U5,Population under age 5,_T,Total,F,Female,_T,Total,"United Nations, Department of Economic and Social Affairs, Population Division (2024). World Population Prospects 2024.",PS,Persons,3,Thousands,https://population.un.org/wpp/,,,2023,1072.576,PRED,Predicted,,,,,,,
COG,Congo,DM_POP_U5,Population under age 5,_T,Total,_T,Total,_T,Total,"United Nations, Department of Economic and Social Affairs, Population Division (2024). World Population Prospects 2024.",PS,Persons,3,Thousands,https://population.un.org/wpp/,,,2023,885.683,PRED,Predicted,,,,,,,
NER,Niger,DM_POP_U5,Population under age 5,_T,Total,F,Female,_T,Total,"United Nations, Department of Economic and Social Affairs, Population Division (2024). World Population Prospects 2024.",PS,Persons,3,Thousands,https://population.un.org/wpp/,,,2023,2297.427,PRED,Predicted,,,,,,,
NER,Niger,DM_POP_U5,Population under age 5,_T,Total,M,Male,_T,Total,"United Nations, Department of Economic and Social Affairs, Population Division (2024). World Population Prospects 2024.",PS,Persons,3,Thousands,https://population.un.org/wpp/,,,2023,2369.724,PRED,Predicted,,,,,,,
CAF,Central African Republic,DM_BRTS,Number of births,_T,Total,_T,Total,_T,Total,"United Nations, Department of Economic and Social Affairs, Population Division (2024). World Population Prospects 2024.",PS,Persons,3,Thousands,https://population.un.org/wpp/,,,2023,238.858,PRED,Predicted,,,,,,,
