REF_AREA,Geographic area,INDICATOR,Indicator,SEX,Sex,RESIDENCE,Residence,AGE,Current age,DATA_SOURCE,COVERAGE_TIME,FREQ_COLL,Time interval at which the source data are collected,SERIES_FOOTNOTE,UNIT_MULTIPLIER,Unit multiplier,UNIT_MEASURE,Unit of measure,SOURCE_LINK,TIME_PERIOD_METHOD,Time period activity related to when the data are collected,TIME_PERIOD,OBS_VALUE,OBS_FOOTNOTE,OBS_STATUS,Observation Status,OBS_CONF,Observation confidentaility
TZA,United Republic of Tanzania,DM_POP_TOT_AGE,Total population by age,_T,Total,_T,Total,Y0,Under 1 year old,"United Nations, Department of Economic and Social Affairs, Population Division (2024). World Population Prospects 2024.",,,,,3,Thousands,PS,Persons,https://population.un.org/wpp/,,,2023,2267.01,,PRED,Predicted,,
TZA,United Republic of Tanzania,DM_POP_TOT_AGE,Total population by age,_T,Total,_T,Total,Y02,2 years old,"United Nations, Department of Economic and Social Affairs, Population Division (2024). World Population Prospects 2024.",,,,,3,Thousands,PS,Persons,https://population.un.org/wpp/,,,2023,2157.656,,PRED,Predicted,,
TZA,United Republic of Tanzania,DM_POP_TOT_AGE,Total population by age,_T,Total,_T,Total,Y03,3 years old,"United Nations, Department of Economic and Social Affairs, Population Division (2024). World Population Prospects 2024.",,,,,3,Thousands,PS,Persons,https://population.un.org/wpp/,,,2023,2110.405,,PRED,Predicted,,
TZA,United Republic of Tanzania,DM_POP_TOT_AGE,Total population by age,_T,Total,_T,Total,Y04,4 years old,"United Nations, Department of Economic and Social Affairs, Population Division (2024). World Population Prospects 2024.",,,,,3,Thousands,PS,Persons,https://population.un.org/wpp/,,,2023,2065.939,,PRED,Predicted,,
TZA,United Republic of Tanzania,DM_POP_TOT_AGE,Total population by age,_T,Total,_T,Total,Y01,1 year old,"United Nations, Department of Economic and Social Affairs, Population Division (2024). World Population Prospects 2024.",,,,,3,Thousands,PS,Persons,https://population.un.org/wpp/,,,2023,2209.39,,PRED,Predicted,,
LSO,Lesotho,DM_POP_TOT_AGE,Total population by age,_T,Total,_T,Total,Y02,2 years old,"United Nations, Department of Economic and Social Affairs, Population Division (2024). World Population Prospects 2024.",,,,,3,Thousands,PS,Persons,https://population.un.org/wpp/,,,2023,52.806,,PRED,Predicted,,
LSO,Lesotho,DM_POP_TOT_AGE,Total population by age,_T,Total,_T,Total,Y03,3 years old,"United Nations, Department of Economic and Social Affairs, Population Division (2024). World Population Prospects 2024.",,,,,3,Thousands,PS,Persons,https://population.un.org/wpp/,,,2023,53.469,,PRED,Predicted,,
LSO,Lesotho,DM_POP_TOT_AGE,Total population by age,_T,Total,_T,Total,Y04,4 years old,"United Nations, Department of Economic and Social Affairs, Population Division (2024). World Population Prospects 2024.",,,,,3,Thousands,PS,Persons,https://population.un.org/wpp/,,,2023,54.324,,PRED,Predicted,,
LSO,Lesotho,DM_POP_TOT_AGE,Total population by age,_T,Total,_T,Total,Y01,1 year old,"United Nations, Department of Economic and Social Affairs, Population Division (2024). World Population Prospects 2024.",,,,,3,Thousands,PS,Persons,https://population.un.org/wpp/,,,2023,52.477,,PRED,Predicted,,
LSO,Lesotho,DM_POP_TOT_AGE,Total population by age,_T,Total,_T,Total,Y0,Under 1 year old,"United Nations, Department of Economic and Social Affairs, Population Division (2024). World Population Prospects 2024.",,,,,3,Thousands,PS,Persons,https://population.un.org/wpp/,,,2023,53.261,,PRED,Predicted,,
ZWE,Zimbabwe,DM_POP_TOT_AGE,Total population by age,_T,Total,_T,Total,Y01,1 year old,"United Nations, Department of Economic and Social Affairs, Population Division (2024). World Population Prospects 2024.",,,,,3,Thousands,PS,Persons,https://population.un.org/wpp/,,,2023,471.416,,PRED,Predicted,,
ZWE,Zimbabwe,DM_POP_TOT_AGE,Total population by age,_T,Total,_T,Total,Y02,2 years old,"United Nations, Department of Economic and Social Affairs, Population Division (2024). World Population Prospects 2024.",,,,,3,Thousands,PS,Persons,https://population.un.org/wpp/,,,2023,460.595,,PRED,Predicted,,
ZWE,Zimbabwe,DM_POP_TOT_AGE,Total population by age,_T,Total,_T,Total,Y03,3 years old,"United Nations, Department of Economic and Social Affairs, Population Division (2024). World Population Prospects 2024.",,,,,3,Thousands,PS,Persons,https://population.un.org/wpp/,,,2023,451.01,,PRED,Predicted,,
ZWE,Zimbabwe,DM_POP_TOT_AGE,Total population by age,_T,Total,_T,Total,Y04,4 years old,"United Nations, Department of Economic and Social Affairs, Population Division (2024). World Population Prospects 2024.",,,,,3,Thousands,PS,Persons,https://population.un.org/wpp/,,,2023,443.083,,PRED,Predicted,,
ZWE,Zimbabwe,DM_POP_TOT_AGE,Total population by age,_T,Total,_T,Total,Y0,Under 1 year old,"United Nations, Department of Economic and Social Affairs, Population Division (2024). World Population Prospects 2024.",,,,,3,Thousands,PS,Persons,https://population.un.org/wpp/,,,2023,480.882,,PRED,Predicted,,
NER,Niger,DM_POP_TOT_AGE,Total population by age,_T,Total,_T,Total,Y0,Under 1 year old,"United Nations, Department of Economic and Social Affairs, Population Division (2024). World Population Prospects 2024.",,,,,3,Thousands,PS,Persons,https://population.un.org/wpp/,,,2023,1025.915,,PRED,Predicted,,
NER,Niger,DM_POP_TOT_AGE,Total population by age,_T,Total,_T,Total,Y01,1 year old,"United Nations, Department of Economic and Social Affairs, Population Division (2024). World Population Prospects 2024.",,,,,3,Thousands,PS,Persons,https://population.un.org/wpp/,,,2023,962.557,,PRED,Predicted,,
NER,Niger,DM_POP_TOT_AGE,Total population by age,_T,Total,_T,Total,Y02,2 years old,"United Nations, Department of Economic and Social Affairs, Population Division (2024). World Population Prospects 2024.",,,,,3,Thousands,PS,Persons,https://population.un.org/wpp/,,,2023,916.98,,PRED,Predicted,,
NER,Niger,DM_POP_TOT_AGE,Total population by age,_T,Total,_T,Total,Y03,3 years old,"United Nations, Department of Economic and Social Affairs, Population Division (2024). World Population Prospects 2024.",,,,,3,Thousands,PS,Persons,https://population.un.org/wpp/,,,2023,891.084,,PRED,Predicted,,
NER,Niger,DM_POP_TOT_AGE,Total population by age,_T,Total,_T,Total,Y04,4 years old,"United Nations, Department of Economic and Social Affairs, Population Division (2024). World Population Prospects 2024.",,,,,3,Thousands,PS,Persons,https://population.un.org/wpp/,,,2023,870.616,,PRED,Predicted,,
SEN,Senegal,DM_POP_TOT_AGE,Total population by age,_T,Total,_T,Total,Y01,1 year old,"United Nations, Department of Economic and Social Affairs, Population Division (2024). World Population Prospects 2024.",,,,,3,Thousands,PS,Persons,https://population.un.org/wpp/,,,2023,496.897,,PRED,Predicted,,
SEN,Senegal,DM_POP_TOT_AGE,Total population by age,_T,Total,_T,Total,Y04,4 years old,"United Nations, Department of Economic and Social Affairs, Population Division (2024). World Population Prospects 2024.",,,,,3,Thousands,PS,Persons,https://population.un.org/wpp/,,,2023,474.872,,PRED,Predicted,,
SEN,Senegal,DM_POP_TOT_AGE,Total population by age,_T,Total,_T,Total,Y02,2 years old,"United Nations, Department of Economic and Social Affairs, Population Division (2024). World Population Prospects 2024.",,,,,3,Thousands,PS,Persons,https://population.un.org/wpp/,,,2023,486.233,,PRED,Predicted,,
SEN,Senegal,DM_POP_TOT_AGE,Total population by age,_T,Total,_T,Total,Y03,3 years old,"United Nations, Department of Economic and Social Affairs, Population Division (2024). World Population Prospects 2024.",,,,,3,Thousands,PS,Persons,https://population.un.org/wpp/,,,2023,480.375,,PRED,Predicted,,
SEN,Senegal,DM_POP_TOT_AGE,Total population by age,_T,Total,_T,Total,Y0,Under 1 year old,"United Nations, Department of Economic and Social Affairs, Population Division (2024). World Population Prospects 2024.",,,,,3,Thousands,PS,Persons,https://population.un.org/wpp/,,,2023,513.261,,PRED,Predicted,,
COM,Comoros,DM_POP_TOT_AGE,Total population by age,_T,Total,_T,Total,Y0,Under 1 year old,"United Nations, Department of Economic and Social Affairs, Population Division (2024). World Population Prospects 2024.",,,,,3,Thousands,PS,Persons,https://population.un.org/wpp/,,,2023,23.471,,PRED,Predicted,,
COM,Comoros,DM_POP_TOT_AGE,Total population by age,_T,Total,_T,Total,Y03,3 years old,"United Nations, Department of Economic and Social Affairs, Population Division (2024). World Population Prospects 2024.",,,,,3,Thousands,PS,Persons,https://population.un.org/wpp/,,,2023,22.542,,PRED,Predicted,,
COM,Comoros,DM_POP_TOT_AGE,Total population by age,_T,Total,_T,Total,Y04,4 years old,"United Nations, Department of Economic and Social Affairs, Population Division (2024). World Population Prospects 2024.",,,,,3,Thousands,PS,Persons,https://population.un.org/wpp/,,,2023,22.255,,PRED,Predicted,,
COM,Comoros,DM_POP_TOT_AGE,Total population by age,_T,Total,_T,Total,Y02,2 years old,"United Nations, Department of Economic and Social Affairs, Population Division (2024). World Population Prospects 2024.",,,,,3,Thousands,PS,Persons,https://population.un.org/wpp/,,,2023,22.808,,PRED,Predicted,,
COM,Comoros,DM_POP_TOT_AGE,Total population by age,_T,Total,_T,Total,Y01,1 year old,"United Nations, Department of Economic and Social Affairs, Population Division (2024). World Population Prospects 2024.",,,,,3,Thousands,PS,Persons,https://population.un.org/wpp/,,,2023,23.069,,PRED,Predicted,,
BWA,Botswana,DM_POP_TOT_AGE,Total population by age,_T,Total,_T,Total,Y02,2 years old,"United Nations, Department of Economic and Social Affairs, Population Division (2024). World Population Prospects 2024.",,,,,3,Thousands,PS,Persons,https://population.un.org/wpp/,,,2023,60.587,,PRED,Predicted,,
BWA,Botswana,DM_POP_TOT_AGE,Total population by age,_T,Total,_T,Total,Y03,3 years old,"United Nations, Department of Economic and Social Affairs, Population Division (2024). World Population Prospects 2024.",,,,,3,Thousands,PS,Persons,https://population.un.org/wpp/,,,2023,56.337,,PRED,Predicted,,
BWA,Botswana,DM_POP_TOT_AGE,Total population by age,_T,Total,_T,Total,Y04,4 years old,"United Nations, Department of Economic and Social Affairs, Population Division (2024). World Population Prospects 2024.",,,,,3,Thousands,PS,Persons,https://population.un.org/wpp/,,,2023,54.974,,PRED,Predicted,,
BWA,Botswana,DM_POP_TOT_AGE,Total population by age,_T,Total,_T,Total,Y01,1 year old,"United Nations, Department of Economic and Social Affairs, Population Division (2024). World Population Prospects 2024.",,,,,3,Thousands,PS,Persons,https://population.un.org/wpp/,,,2023,61.904,,PRED,Predicted,,
BWA,Botswana,DM_POP_TOT_AGE,Total population by age,_T,Total,_T,Total,Y0,Under 1 year old,"United Nations, Department of Economic and Social Affairs, Population Division (2024). World Population Prospects 2024.",,,,,3,Thousands,PS,Persons,https://population.un.org/wpp/,,,2023,59.857,,PRED,Predicted,,
UGA,Uganda,DM_POP_TOT_AGE,Total population by age,_T,Total,_T,Total,Y0,Under 1 year old,"United Nations, Department of Economic and Social Affairs, Population Division (2024). World Population Prospects 2024.",,,,,3,Thousands,PS,Persons,https://population.un.org/wpp/,,,2023,1658.195,,PRED,Predicted,,
UGA,Uganda,DM_POP_TOT_AGE,Total population by age,_T,Total,_T,Total,Y02,2 years old,"United Nations, Department of Economic and Social Affairs, Population Division (2024). World Population Prospects 2024.",,,,,3,Thousands,PS,Persons,https://population.un.org/wpp/,,,2023,1589.468,,PRED,Predicted,,
UGA,Uganda,DM_POP_TOT_AGE,Total population by age,_T,Total,_T,Total,Y03,3 years old,"United Nations, Department of Economic and Social Affairs, Population Division (2024). World Population Prospects 2024.",,,,,3,Thousands,PS,Persons,https://population.un.org/wpp/,,,2023,1552.022,,PRED,Predicted,,
UGA,Uganda,DM_POP_TOT_AGE,Total population by age,_T,Total,_T,Total,Y04,4 years old,"United Nations, Department of Economic and Social Affairs, Population Division (2024). World Population Prospects 2024.",,,,,3,Thousands,PS,Persons,https://population.un.org/wpp/,,,2023,1514.626,,PRED,Predicted,,
UGA,Uganda,DM_POP_TOT_AGE,Total population by age,_T,Total,_T,Total,Y01,1 year old,"United Nations, Department of Economic and Social Affairs, Population Division (2024). World Population Prospects 2024.",,,,,3,Thousands,PS,Persons,https://population.un.org/wpp/,,,2023,1624.039,,PRED,Predicted,,
NGA,Nigeria,DM_POP_TOT_AGE,Total population by age,_T,Total,_T,Total,Y03,3 years old,"United Nations, Department of Economic and Social Affairs, Population Division (2024). World Population Prospects 2024.",,,,,3,Thousands,PS,Persons,https://population.un.org/wpp/,,,2023,6527.162,,PRED,Predicted,,
NGA,Nigeria,DM_POP_TOT_AGE,Total population by age,_T,Total,_T,Total,Y04,4 years old,"United Nations, Department of Economic and Social Affairs, Population Division (2024). World Population Prospects 2024.",,,,,3,Thousands,PS,Persons,https://population.un.org/wpp/,,,2023,6488.772,,PRED,Predicted,,
NGA,Nigeria,DM_POP_TOT_AGE,Total population by age,_T,Total,_T,Total,Y01,1 year old,"United Nations, Department of Economic and Social Affairs, Population Division (2024). World Population Prospects 2024.",,,,,3,Thousands,PS,Persons,https://population.un.org/wpp/,,,2023,6806.995,,PRED,Predicted,,
NGA,Nigeria,DM_POP_TOT_AGE,Total population by age,_T,Total,_T,Total,Y02,2 years old,"United Nations, Department of Economic and Social Affairs, Population Division (2024). World Population Prospects 2024.",,,,,3,Thousands,PS,Persons,https://population.un.org/wpp/,,,2023,6638.37,,PRED,Predicted,,
NGA,Nigeria,DM_POP_TOT_AGE,Total population by age,_T,Total,_T,Total,Y0,Under 1 year old,"United Nations, Department of Economic and Social Affairs, Population Division (2024). World Population Prospects 2024.",,,,,3,Thousands,PS,Persons,https://population.un.org/wpp/,,,2023,7065.325,,PRED,Predicted,,
SSD,South Sudan,DM_POP_TOT_AGE,Total population by age,_T,Total,_T,Total,Y02,2 years old,"United Nations, Department of Economic and Social Affairs, Population Division (2024). World Population Prospects 2024.",,,,,3,Thousands,PS,Persons,https://population.un.org/wpp/,,,2023,297.849,,PRED,Predicted,,
SSD,South Sudan,DM_POP_TOT_AGE,Total population by age,_T,Total,_T,Total,Y03,3 years old,"United Nations, Department of Economic and Social Affairs, Population Division (2024). World Population Prospects 2024.",,,,,3,Thousands,PS,Persons,https://population.un.org/wpp/,,,2023,288.893,,PRED,Predicted,,
SSD,South Sudan,DM_POP_TOT_AGE,Total population by age,_T,Total,_T,Total,Y04,4 years old,"United Nations, Department of Economic and Social Affairs, Population Division (2024). World Population Prospects 2024.",,,,,3,Thousands,PS,Persons,https://population.un.org/wpp/,,,2023,277.154,,PRED,Predicted,,
SSD,South Sudan,DM_POP_TOT_AGE,Total population by age,_T,Total,_T,Total,Y01,1 year old,"United Nations, Department of Economic and Social Affairs, Population Division (2024). World Population Prospects 2024.",,,,,3,Thousands,PS,Persons,https://population.un.org/wpp/,,,2023,304.589,,PRED,Predicted,,
SSD,South Sudan,DM_POP_TOT_AGE,Total population by age,_T,Total,_T,Total,Y0,Under 1 year old,"United Nations, Department of Economic and Social Affairs, Population Division (2024). World Population Prospects 2024.",,,,,3,Thousands,PS,Persons,https://population.un.org/wpp/,,,2023,315.151,,PRED,Predicted,,
MUS,Mauritius,DM_POP_TOT_AGE,Total population by age,_T,Total,_T,Total,Y02,2 years old,"United Nations, Department of Economic and Social Affairs, Population Division (2024). World Population Prospects 2024.",,,,,3,Thousands,PS,Persons,https://population.un.org/wpp/,,,2023,12.351,,PRED,Predicted,,
MUS,Mauritius,DM_POP_TOT_AGE,Total population by age,_T,Total,_T,Total,Y03,3 years old,"United Nations, Department of Economic and Social Affairs, Population Division (2024). World Population Prospects 2024.",,,,,3,Thousands,PS,Persons,https://population.un.org/wpp/,,,2023,12.156,,PRED,Predicted,,
MUS,Mauritius,DM_POP_TOT_AGE,Total population by age,_T,Total,_T,Total,Y04,4 years old,"United Nations, Department of Economic and Social Affairs, Population Division (2024). World Population Prospects 2024.",,,,,3,Thousands,PS,Persons,https://population.un.org/wpp/,,,2023,12.054,,PRED,Predicted,,
MUS,Mauritius,DM_POP_TOT_AGE,Total population by age,_T,Total,_T,Total,Y01,1 year old,"United Nations, Department of Economic and Social Affairs, Population Division (2024). World Population Prospects 2024.",,,,,3,Thousands,PS,Persons,https://population.un.org/wpp/,,,2023,12.2,,PRED,Predicted,,
MUS,Mauritius,DM_POP_TOT_AGE,Total population by age,_T,Total,_T,Total,Y0,Under 1 year old,"United Nations, Department of Economic and Social Affairs, Population Division (2024). World Population Prospects 2024.",,,,,3,Thousands,PS,Persons,https://population.un.org/wpp/,,,2023,11.8,,PRED,Predicted,,
SOM,Somalia,DM_POP_TOT_AGE,Total population by age,_T,Total,_T,Total,Y0,Under 1 year old,"United Nations, Department of Economic and Social Affairs, Population Division (2024). World Population Prospects 2024.",,,,,3,Thousands,PS,Persons,https://population.un.org/wpp/,,,2023,739.701,,PRED,Predicted,,
SOM,Somalia,DM_POP_TOT_AGE,Total population by age,_T,Total,_T,Total,Y01,1 year old,"United Nations, Department of Economic and Social Affairs, Population Division (2024). World Population Prospects 2024.",,,,,3,Thousands,PS,Persons,https://population.un.org/wpp/,,,2023,701.529,,PRED,Predicted,,
SOM,Somalia,DM_POP_TOT_AGE,Total population by age,_T,Total,_T,Total,Y02,2 years old,"United Nations, Department of Economic and Social Affairs, Population Division (2024). World Population Prospects 2024.",,,,,3,Thousands,PS,Persons,https://population.un.org/wpp/,,,2023,676.558,,PRED,Predicted,,
SOM,Somalia,DM_POP_TOT_AGE,Total population by age,_T,Total,_T,Total,Y04,4 years old,"United Nations, Department of Economic and Social Affairs, Population Division (2024). World Population Prospects 2024.",,,,,3,Thousands,PS,Persons,https://population.un.org/wpp/,,,2023,636.494,,PRED,Predicted,,
SOM,Somalia,DM_POP_TOT_AGE,Total population by age,_T,Total,_T,Total,Y03,3 years old,"United Nations, Department of Economic and Social Affairs, Population Division (2024). World Population Prospects 2024.",,,,,3,Thousands,PS,Persons,https://population.un.org/wpp/,,,2023,657.426,,PRED,Predicted,,
CAF,Central African Republic,DM_POP_TOT_AGE,Total population by age,_T,Total,_T,Total,Y03,3 years old,"United Nations, Department of Economic and Social Affairs, Population Division (2024). World Population Prospects 2024.",,,,,3,Thousands,PS,Persons,https://population.un.org/wpp/,,,2023,177.12,,PRED,Predicted,,
CAF,Central African Republic,DM_POP_TOT_AGE,Total population by age,_T,Total,_T,Total,Y02,2 years old,"United Nations, Department of Economic and Social Affairs, Population Division (2024). World Population Prospects 2024.",,,,,3,Thousands,PS,Persons,https://population.un.org/wpp/,,,2023,184.821,,PRED,Predicted,,
CAF,Central African Republic,DM_POP_TOT_AGE,Total population by age,_T,Total,_T,Total,Y04,4 years old,"United Nations, Department of Economic and Social Affairs, Population Division (2024). World Population Prospects 2024.",,,,,3,Thousands,PS,Persons,https://population.un.org/wpp/,,,2023,171.799,,PRED,Predicted,,
CAF,Central African Republic,DM_POP_TOT_AGE,Total population by age,_T,Total,_T,Total,Y01,1 year old,"United Nations, Department of Economic and Social Affairs, Population Division (2024). World Population Prospects 2024.",,,,,3,Thousands,PS,Persons,https://population.un.org/wpp/,,,2023,192.85,,PRED,Predicted,,
CAF,Central African Republic,DM_POP_TOT_AGE,Total population by age,_T,Total,_T,Total,Y0,Under 1 year old,"United Nations, Department of Economic and Social Affairs, Population Division (2024). World Population Prospects 2024.",,,,,3,Thousands,PS,Persons,https://population.un.org/wpp/,,,2023,214.316,,PRED,Predicted,,
MDG,Madagascar,DM_POP_TOT_AGE,Total population by age,_T,Total,_T,Total,Y04,4 years old,"United Nations, Department of Economic and Social Affairs, Population Division (2024). World Population Prospects 2024.",,,,,3,Thousands,PS,Persons,https://population.un.org/wpp/,,,2023,876.676,,PRED,Predicted,,
MDG,Madagascar,DM_POP_TOT_AGE,Total population by age,_T,Total,_T,Total,Y01,1 year old,"United Nations, Department of Economic and Social Affairs, Population Division (2024). World Population Prospects 2024.",,,,,3,Thousands,PS,Persons,https://population.un.org/wpp/,,,2023,935.646,,PRED,Predicted,,
MDG,Madagascar,DM_POP_TOT_AGE,Total population by age,_T,Total,_T,Total,Y03,3 years old,"United Nations, Department of Economic and Social Affairs, Population Division (2024). World Population Prospects 2024.",,,,,3,Thousands,PS,Persons,https://population.un.org/wpp/,,,2023,899.365,,PRED,Predicted,,
MDG,Madagascar,DM_POP_TOT_AGE,Total population by age,_T,Total,_T,Total,Y02,2 years old,"United Nations, Department of Economic and Social Affairs, Population Division (2024). World Population Prospects 2024.",,,,,3,Thousands,PS,Persons,https://population.un.org/wpp/,,,2023,918.045,,PRED,Predicted,,
MDG,Madagascar,DM_POP_TOT_AGE,Total population by age,_T,Total,_T,Total,Y0,Under 1 year old,"United Nations, Department of Economic and Social Affairs, Population Division (2024). World Population Prospects 2024.",,,,,3,Thousands,PS,Persons,https://population.un.org/wpp/,,,2023,958.4,,PRED,Predicted,,
RWA,Rwanda,DM_POP_TOT_AGE,Total population by age,_T,Total,_T,Total,Y0,Under 1 year old,"United Nations, Department of Economic and Social Affairs, Population Division (2024). World Population Prospects 2024.",,,,,3,Thousands,PS,Persons,https://population.un.org/wpp/,,,2023,385.11,,PRED,Predicted,,
GIN,Guinea,DM_POP_TOT_AGE,Total population by age,_T,Total,_T,Total,Y04,4 years old,"United Nations, Department of Economic and Social Affairs, Population Division (2024). World Population Prospects 2024.",,,,,3,Thousands,PS,Persons,https://population.un.org/wpp/,,,2023,419.32,,PRED,Predicted,,
GIN,Guinea,DM_POP_TOT_AGE,Total population by age,_T,Total,_T,Total,Y03,3 years old,"United Nations, Department of Economic and Social Affairs, Population Division (2024). World Population Prospects 2024.",,,,,3,Thousands,PS,Persons,https://population.un.org/wpp/,,,2023,429.07,,PRED,Predicted,,
GIN,Guinea,DM_POP_TOT_AGE,Total population by age,_T,Total,_T,Total,Y02,2 years old,"United Nations, Department of Economic and Social Affairs, Population Division (2024). World Population Prospects 2024.",,,,,3,Thousands,PS,Persons,https://population.un.org/wpp/,,,2023,438.287,,PRED,Predicted,,
GIN,Guinea,DM_POP_TOT_AGE,Total population by age,_T,Total,_T,Total,Y01,1 year old,"United Nations, Department of Economic and Social Affairs, Population Division (2024). World Population Prospects 2024.",,,,,3,Thousands,PS,Persons,https://population.un.org/wpp/,,,2023,446.91,,PRED,Predicted,,
GIN,Guinea,DM_POP_TOT_AGE,Total population by age,_T,Total,_T,Total,Y0,Under 1 year old,"United Nations, Department of Economic and Social Affairs, Population Division (2024). World Population Prospects 2024.",,,,,3,Thousands,PS,Persons,https://population.un.org/wpp/,,,2023,460.983,,PRED,Predicted,,
BEN,Benin,DM_POP_TOT_AGE,Total population by age,_T,Total,_T,Total,Y0,Under 1 year old,"United Nations, Department of Economic and Social Affairs, Population Division (2024). World Population Prospects 2024.",,,,,3,Thousands,PS,Persons,https://population.un.org/wpp/,,,2023,455.242,,PRED,Predicted,,
BEN,Benin,DM_POP_TOT_AGE,Total population by age,_T,Total,_T,Total,Y01,1 year old,"United Nations, Department of Economic and Social Affairs, Population Division (2024). World Population Prospects 2024.",,,,,3,Thousands,PS,Persons,https://population.un.org/wpp/,,,2023,442.423,,PRED,Predicted,,
BEN,Benin,DM_POP_TOT_AGE,Total population by age,_T,Total,_T,Total,Y03,3 years old,"United Nations, Department of Economic and Social Affairs, Population Division (2024). World Population Prospects 2024.",,,,,3,Thousands,PS,Persons,https://population.un.org/wpp/,,,2023,425.585,,PRED,Predicted,,
BEN,Benin,DM_POP_TOT_AGE,Total population by age,_T,Total,_T,Total,Y02,2 years old,"United Nations, Department of Economic and Social Affairs, Population Division (2024). World Population Prospects 2024.",,,,,3,Thousands,PS,Persons,https://population.un.org/wpp/,,,2023,433.147,,PRED,Predicted,,
BEN,Benin,DM_POP_TOT_AGE,Total population by age,_T,Total,_T,Total,Y04,4 years old,"United Nations, Department of Economic and Social Affairs, Population Division (2024). World Population Prospects 2024.",,,,,3,Thousands,PS,Persons,https://population.un.org/wpp/,,,2023,420.045,,PRED,Predicted,,
GHA,Ghana,DM_POP_TOT_AGE,Total population by age,_T,Total,_T,Total,Y02,2 years old,"United Nations, Department of Economic and Social Affairs, Population Division (2024). World Population Prospects 2024.",,,,,3,Thousands,PS,Persons,https://population.un.org/wpp/,,,2023,844.564,,PRED,Predicted,,
GHA,Ghana,DM_POP_TOT_AGE,Total population by age,_T,Total,_T,Total,Y04,4 years old,"United Nations, Department of Economic and Social Affairs, Population Division (2024). World Population Prospects 2024.",,,,,3,Thousands,PS,Persons,https://population.un.org/wpp/,,,2023,831.246,,PRED,Predicted,,
GHA,Ghana,DM_POP_TOT_AGE,Total population by age,_T,Total,_T,Total,Y03,3 years old,"United Nations, Department of Economic and Social Affairs, Population Division (2024). World Population Prospects 2024.",,,,,3,Thousands,PS,Persons,https://population.un.org/wpp/,,,2023,837.578,,PRED,Predicted,,
GHA,Ghana,DM_POP_TOT_AGE,Total population by age,_T,Total,_T,Total,Y01,1 year old,"United Nations, Department of Economic and Social Affairs, Population Division (2024). World Population Prospects 2024.",,,,,3,Thousands,PS,Persons,https://population.un.org/wpp/,,,2023,851.01,,PRED,Predicted,,
GHA,Ghana,DM_POP_TOT_AGE,Total population by age,_T,Total,_T,Total,Y0,Under 1 year old,"United Nations, Department of Economic and Social Affairs, Population Division (2024). World Population Prospects 2024.",,,,,3,Thousands,PS,Persons,https://population.un.org/wpp/,,,2023,861.369,,PRED,Predicted,,
ETH,Ethiopia,DM_POP_TOT_AGE,Total population by age,_T,Total,_T,Total,Y0,Under 1 year old,"United Nations, Department of Economic and Social Affairs, Population Division (2024). World Population Prospects 2024.",,,,,3,Thousands,PS,Persons,https://population.un.org/wpp/,,,2023,3967.764,,PRED,Predicted,,
ETH,Ethiopia,DM_POP_TOT_AGE,Total population by age,_T,Total,_T,Total,Y01,1 year old,"United Nations, Department of Economic and Social Affairs, Population Division (2024). World Population Prospects 2024.",,,,,3,Thousands,PS,Persons,https://population.un.org/wpp/,,,2023,3893.881,,PRED,Predicted,,
ETH,Ethiopia,DM_POP_TOT_AGE,Total population by age,_T,Total,_T,Total,Y04,4 years old,"United Nations, Department of Economic and Social Affairs, Population Division (2024). World Population Prospects 2024.",,,,,3,Thousands,PS,Persons,https://population.un.org/wpp/,,,2023,3633.102,,PRED,Predicted,,
ETH,Ethiopia,DM_POP_TOT_AGE,Total population by age,_T,Total,_T,Total,Y03,3 years old,"United Nations, Department of Economic and Social Affairs, Population Division (2024). World Population Prospects 2024.",,,,,3,Thousands,PS,Persons,https://population.un.org/wpp/,,,2023,3745.343,,PRED,Predicted,,
ETH,Ethiopia,DM_POP_TOT_AGE,Total population by age,_T,Total,_T,Total,Y02,2 years old,"United Nations, Department of Economic and Social Affairs, Population Division (2024). World Population Prospects 2024.",,,,,3,Thousands,PS,Persons,https://population.un.org/wpp/,,,2023,3826.439,,PRED,Predicted,,
RWA,Rwanda,DM_POP_TOT_AGE,Total population by age,_T,Total,_T,Total,Y03,3 years old,"United Nations, Department of Economic and Social Affairs, Population Division (2024). World Population Prospects 2024.",,,,,3,Thousands,PS,Persons,https://population.un.org/wpp/,,,2023,370.529,,PRED,Predicted,,
RWA,Rwanda,DM_POP_TOT_AGE,Total population by age,_T,Total,_T,Total,Y02,2 years old,"United Nations, Department of Economic and Social Affairs, Population Division (2024). World Population Prospects 2024.",,,,,3,Thousands,PS,Persons,https://population.un.org/wpp/,,,2023,375.464,,PRED,Predicted,,
RWA,Rwanda,DM_POP_TOT_AGE,Total population by age,_T,Total,_T,Total,Y04,4 years old,"United Nations, Department of Economic and Social Affairs, Population Division (2024). World Population Prospects 2024.",,,,,3,Thousands,PS,Persons,https://population.un.org/wpp/,,,2023,366.818,,PRED,Predicted,,
RWA,Rwanda,DM_POP_TOT_AGE,Total population by age,_T,Total,_T,Total,Y01,1 year old,"United Nations, Department of Economic and Social Affairs, Population Division (2024). World Population Prospects 2024.",,,,,3,Thousands,PS,Persons,https://population.un.org/wpp/,,,2023,380.513,,PRED,Predicted,,
MWI,Malawi,DM_POP_TOT_AGE,Total population by age,_T,Total,_T,Total,Y0,Under 1 year old,"United Nations, Department of Economic and Social Affairs, Population Division (2024). World Population Prospects 2024.",,,,,3,Thousands,PS,Persons,https://population.un.org/wpp/,,,2023,640.415,,PRED,Predicted,,
MWI,Malawi,DM_POP_TOT_AGE,Total population by age,_T,Total,_T,Total,Y02,2 years old,"United Nations, Department of Economic and Social Affairs, Population Division (2024). World Population Prospects 2024.",,,,,3,Thousands,PS,Persons,https://population.un.org/wpp/,,,2023,615.283,,PRED,Predicted,,
MWI,Malawi,DM_POP_TOT_AGE,Total population by age,_T,Total,_T,Total,Y01,1 year old,"United Nations, Department of Economic and Social Affairs, Population Division (2024). World Population Prospects 2024.",,,,,3,Thousands,PS,Persons,https://population.un.org/wpp/,,,2023,626.37,,PRED,Predicted,,
MWI,Malawi,DM_POP_TOT_AGE,Total population by age,_T,Total,_T,Total,Y04,4 years old,"United Nations, Department of Economic and Social Affairs, Population Division (2024). World Population Prospects 2024.",,,,,3,Thousands,PS,Persons,https://population.un.org/wpp/,,,2023,593.037,,PRED,Predicted,,
MWI,Malawi,DM_POP_TOT_AGE,Total population by age,_T,Total,_T,Total,Y03,3 years old,"United Nations, Department of Economic and Social Affairs, Population Division (2024). World Population Prospects 2024.",,,,,3,Thousands,PS,Persons,https://population.un.org/wpp/,,,2023,604.707,,PRED,Predicted,,
GNQ,Equatorial Guinea,DM_POP_TOT_AGE,Total population by age,_T,Total,_T,Total,Y01,1 year old,"United Nations, Department of Economic and Social Affairs, Population Division (2024). World Population Prospects 2024.",,,,,3,Thousands,PS,Persons,https://population.un.org/wpp/,,,2023,51.08,,PRED,Predicted,,
GNQ,Equatorial Guinea,DM_POP_TOT_AGE,Total population by age,_T,Total,_T,Total,Y03,3 years old,"United Nations, Department of Economic and Social Affairs, Population Division (2024). World Population Prospects 2024.",,,,,3,Thousands,PS,Persons,https://population.un.org/wpp/,,,2023,49.718,,PRED,Predicted,,
GNQ,Equatorial Guinea,DM_POP_TOT_AGE,Total population by age,_T,Total,_T,Total,Y02,2 years old,"United Nations, Department of Economic and Social Affairs, Population Division (2024). World Population Prospects 2024.",,,,,3,Thousands,PS,Persons,https://population.un.org/wpp/,,,2023,50.417,,PRED,Predicted,,
GNQ,Equatorial Guinea,DM_POP_TOT_AGE,Total population by age,_T,Total,_T,Total,Y04,4 years old,"United Nations, Department of Economic and Social Affairs, Population Division (2024). World Population Prospects 2024.",,,,,3,Thousands,PS,Persons,https://population.un.org/wpp/,,,2023,48.906,,PRED,Predicted,,
GNQ,Equatorial Guinea,DM_POP_TOT_AGE,Total population by age,_T,Total,_T,Total,Y0,Under 1 year old,"United Nations, Department of Economic and Social Affairs, Population Division (2024). World Population Prospects 2024.",,,,,3,Thousands,PS,Persons,https://population.un.org/wpp/,,,2023,52.31,,PRED,Predicted,,
CMR,Cameroon,DM_POP_TOT_AGE,Total population by age,_T,Total,_T,Total,Y0,Under 1 year old,"United Nations, Department of Economic and Social Affairs, Population Division (2024). World Population Prospects 2024.",,,,,3,Thousands,PS,Persons,https://population.un.org/wpp/,,,2023,915.567,,PRED,Predicted,,
NAM,Namibia,DM_POP_TOT_AGE,Total population by age,_T,Total,_T,Total,Y01,1 year old,"United Nations, Department of Economic and Social Affairs, Population Division (2024). World Population Prospects 2024.",,,,,3,Thousands,PS,Persons,https://population.un.org/wpp/,,,2023,83.231,,PRED,Predicted,,
NAM,Namibia,DM_POP_TOT_AGE,Total population by age,_T,Total,_T,Total,Y02,2 years old,"United Nations, Department of Economic and Social Affairs, Population Division (2024). World Population Prospects 2024.",,,,,3,Thousands,PS,Persons,https://population.un.org/wpp/,,,2023,86.826,,PRED,Predicted,,
CMR,Cameroon,DM_POP_TOT_AGE,Total population by age,_T,Total,_T,Total,Y02,2 years old,"United Nations, Department of Economic and Social Affairs, Population Division (2024). World Population Prospects 2024.",,,,,3,Thousands,PS,Persons,https://population.un.org/wpp/,,,2023,874.543,,PRED,Predicted,,
CMR,Cameroon,DM_POP_TOT_AGE,Total population by age,_T,Total,_T,Total,Y04,4 years old,"United Nations, Department of Economic and Social Affairs, Population Division (2024). World Population Prospects 2024.",,,,,3,Thousands,PS,Persons,https://population.un.org/wpp/,,,2023,850.308,,PRED,Predicted,,
CMR,Cameroon,DM_POP_TOT_AGE,Total population by age,_T,Total,_T,Total,Y03,3 years old,"United Nations, Department of Economic and Social Affairs, Population Division (2024). World Population Prospects 2024.",,,,,3,Thousands,PS,Persons,https://population.un.org/wpp/,,,2023,861.697,,PRED,Predicted,,
NAM,Namibia,DM_POP_TOT_AGE,Total population by age,_T,Total,_T,Total,Y04,4 years old,"United Nations, Department of Economic and Social Affairs, Population Division (2024). World Population Prospects 2024.",,,,,3,Thousands,PS,Persons,https://population.un.org/wpp/,,,2023,78.945,,PRED,Predicted,,
NAM,Namibia,DM_POP_TOT_AGE,Total population by age,_T,Total,_T,Total,Y03,3 years old,"United Nations, Department of Economic and Social Affairs, Population Division (2024). World Population Prospects 2024.",,,,,3,Thousands,PS,Persons,https://population.un.org/wpp/,,,2023,83.013,,PRED,Predicted,,
CMR,Cameroon,DM_POP_TOT_AGE,Total population by age,_T,Total,_T,Total,Y01,1 year old,"United Nations, Department of Economic and Social Affairs, Population Division (2024). World Population Prospects 2024.",,,,,3,Thousands,PS,Persons,https://population.un.org/wpp/,,,2023,890.986,,PRED,Predicted,,
NAM,Namibia,DM_POP_TOT_AGE,Total population by age,_T,Total,_T,Total,Y0,Under 1 year old,"United Nations, Department of Economic and Social Affairs, Population Division (2024). World Population Prospects 2024.",,,,,3,Thousands,PS,Persons,https://population.un.org/wpp/,,,2023,77.447,,PRED,Predicted,,
MOZ,Mozambique,DM_POP_TOT_AGE,Total population by age,_T,Total,_T,Total,Y0,Under 1 year old,"United Nations, Department of Economic and Social Affairs, Population Division (2024). World Population Prospects 2024.",,,,,3,Thousands,PS,Persons,https://population.un.org/wpp/,,,2023,1201.259,,PRED,Predicted,,
MOZ,Mozambique,DM_POP_TOT_AGE,Total population by age,_T,Total,_T,Total,Y02,2 years old,"United Nations, Department of Economic and Social Affairs, Population Division (2024). World Population Prospects 2024.",,,,,3,Thousands,PS,Persons,https://population.un.org/wpp/,,,2023,1130.623,,PRED,Predicted,,
MOZ,Mozambique,DM_POP_TOT_AGE,Total population by age,_T,Total,_T,Total,Y04,4 years old,"United Nations, Department of Economic and Social Affairs, Population Division (2024). World Population Prospects 2024.",,,,,3,Thousands,PS,Persons,https://population.un.org/wpp/,,,2023,1073.72,,PRED,Predicted,,
MOZ,Mozambique,DM_POP_TOT_AGE,Total population by age,_T,Total,_T,Total,Y03,3 years old,"United Nations, Department of Economic and Social Affairs, Population Division (2024). World Population Prospects 2024.",,,,,3,Thousands,PS,Persons,https://population.un.org/wpp/,,,2023,1101.447,,PRED,Predicted,,
MOZ,Mozambique,DM_POP_TOT_AGE,Total population by age,_T,Total,_T,Total,Y01,1 year old,"United Nations, Department of Economic and Social Affairs, Population Division (2024). World Population Prospects 2024.",,,,,3,Thousands,PS,Persons,https://population.un.org/wpp/,,,2023,1161.562,,PRED,Predicted,,
GAB,Gabon,DM_POP_TOT_AGE,Total population by age,_T,Total,_T,Total,Y04,4 years old,"United Nations, Department of Economic and Social Affairs, Population Division (2024). World Population Prospects 2024.",,,,,3,Thousands,PS,Persons,https://population.un.org/wpp/,,,2023,65.213,,PRED,Predicted,,
GAB,Gabon,DM_POP_TOT_AGE,Total population by age,_T,Total,_T,Total,Y03,3 years old,"United Nations, Department of Economic and Social Affairs, Population Division (2024). World Population Prospects 2024.",,,,,3,Thousands,PS,Persons,https://population.un.org/wpp/,,,2023,65.892,,PRED,Predicted,,
GAB,Gabon,DM_POP_TOT_AGE,Total population by age,_T,Total,_T,Total,Y02,2 years old,"United Nations, Department of Economic and Social Affairs, Population Division (2024). World Population Prospects 2024.",,,,,3,Thousands,PS,Persons,https://population.un.org/wpp/,,,2023,66.328,,PRED,Predicted,,
GAB,Gabon,DM_POP_TOT_AGE,Total population by age,_T,Total,_T,Total,Y01,1 year old,"United Nations, Department of Economic and Social Affairs, Population Division (2024). World Population Prospects 2024.",,,,,3,Thousands,PS,Persons,https://population.un.org/wpp/,,,2023,66.694,,PRED,Predicted,,
GAB,Gabon,DM_POP_TOT_AGE,Total population by age,_T,Total,_T,Total,Y0,Under 1 year old,"United Nations, Department of Economic and Social Affairs, Population Division (2024). World Population Prospects 2024.",,,,,3,Thousands,PS,Persons,https://population.un.org/wpp/,,,2023,67.108,,PRED,Predicted,,
CIV,Côte d'Ivoire,DM_POP_TOT_AGE,Total population by age,_T,Total,_T,Total,Y0,Under 1 year old,"United Nations, Department of Economic and Social Affairs, Population Division (2024). World Population Prospects 2024.",,,,,3,Thousands,PS,Persons,https://population.un.org/wpp/,,,2023,952.601,,PRED,Predicted,,
CIV,Côte d'Ivoire,DM_POP_TOT_AGE,Total population by age,_T,Total,_T,Total,Y04,4 years old,"United Nations, Department of Economic and Social Affairs, Population Division (2024). World Population Prospects 2024.",,,,,3,Thousands,PS,Persons,https://population.un.org/wpp/,,,2023,894.359,,PRED,Predicted,,
CIV,Côte d'Ivoire,DM_POP_TOT_AGE,Total population by age,_T,Total,_T,Total,Y03,3 years old,"United Nations, Department of Economic and Social Affairs, Population Division (2024). World Population Prospects 2024.",,,,,3,Thousands,PS,Persons,https://population.un.org/wpp/,,,2023,903.223,,PRED,Predicted,,
CIV,Côte d'Ivoire,DM_POP_TOT_AGE,Total population by age,_T,Total,_T,Total,Y02,2 years old,"United Nations, Department of Economic and Social Affairs, Population Division (2024). World Population Prospects 2024.",,,,,3,Thousands,PS,Persons,https://population.un.org/wpp/,,,2023,914.816,,PRED,Predicted,,
CIV,Côte d'Ivoire,DM_POP_TOT_AGE,Total population by age,_T,Total,_T,Total,Y01,1 year old,"United Nations, Department of Economic and Social Affairs, Population Division (2024). World Population Prospects 2024.",,,,,3,Thousands,PS,Persons,https://population.un.org/wpp/,,,2023,928.841,,PRED,Predicted,,
GMB,Gambia,DM_POP_TOT_AGE,Total population by age,_T,Total,_T,Total,Y0,Under 1 year old,"United Nations, Department of Economic and Social Affairs, Population Division (2024). World Population Prospects 2024.",,,,,3,Thousands,PS,Persons,https://population.un.org/wpp/,,,2023,79.439,,PRED,Predicted,,
GMB,Gambia,DM_POP_TOT_AGE,Total population by age,_T,Total,_T,Total,Y01,1 year old,"United Nations, Department of Economic and Social Affairs, Population Division (2024). World Population Prospects 2024.",,,,,3,Thousands,PS,Persons,https://population.un.org/wpp/,,,2023,77.987,,PRED,Predicted,,
GMB,Gambia,DM_POP_TOT_AGE,Total population by age,_T,Total,_T,Total,Y02,2 years old,"United Nations, Department of Economic and Social Affairs, Population Division (2024). World Population Prospects 2024.",,,,,3,Thousands,PS,Persons,https://population.un.org/wpp/,,,2023,76.692,,PRED,Predicted,,
GMB,Gambia,DM_POP_TOT_AGE,Total population by age,_T,Total,_T,Total,Y04,4 years old,"United Nations, Department of Economic and Social Affairs, Population Division (2024). World Population Prospects 2024.",,,,,3,Thousands,PS,Persons,https://population.un.org/wpp/,,,2023,74.085,,PRED,Predicted,,
GMB,Gambia,DM_POP_TOT_AGE,Total population by age,_T,Total,_T,Total,Y03,3 years old,"United Nations, Department of Economic and Social Affairs, Population Division (2024). World Population Prospects 2024.",,,,,3,Thousands,PS,Persons,https://population.un.org/wpp/,,,2023,75.356,,PRED,Predicted,,
TGO,Togo,DM_POP_TOT_AGE,Total population by age,_T,Total,_T,Total,Y01,1 year old,"United Nations, Department of Economic and Social Affairs, Population Division (2024). World Population Prospects 2024.",,,,,3,Thousands,PS,Persons,https://population.un.org/wpp/,,,2023,272.423,,PRED,Predicted,,
TGO,Togo,DM_POP_TOT_AGE,Total population by age,_T,Total,_T,Total,Y04,4 years old,"United Nations, Department of Economic and Social Affairs, Population Division (2024). World Population Prospects 2024.",,,,,3,Thousands,PS,Persons,https://population.un.org/wpp/,,,2023,259.697,,PRED,Predicted,,
TGO,Togo,DM_POP_TOT_AGE,Total population by age,_T,Total,_T,Total,Y02,2 years old,"United Nations, Department of Economic and Social Affairs, Population Division (2024). World Population Prospects 2024.",,,,,3,Thousands,PS,Persons,https://population.un.org/wpp/,,,2023,268.141,,PRED,Predicted,,
TGO,Togo,DM_POP_TOT_AGE,Total population by age,_T,Total,_T,Total,Y03,3 years old,"United Nations, Department of Economic and Social Affairs, Population Division (2024). World Population Prospects 2024.",,,,,3,Thousands,PS,Persons,https://population.un.org/wpp/,,,2023,263.832,,PRED,Predicted,,
TGO,Togo,DM_POP_TOT_AGE,Total population by age,_T,Total,_T,Total,Y0,Under 1 year old,"United Nations, Department of Economic and Social Affairs, Population Division (2024). World Population Prospects 2024.",,,,,3,Thousands,PS,Persons,https://population.un.org/wpp/,,,2023,278.127,,PRED,Predicted,,
SLE,Sierra Leone,DM_POP_TOT_AGE,Total population by age,_T,Total,_T,Total,Y03,3 years old,"United Nations, Department of Economic and Social Affairs, Population Division (2024). World Population Prospects 2024.",,,,,3,Thousands,PS,Persons,https://population.un.org/wpp/,,,2023,227.682,,PRED,Predicted,,
SLE,Sierra Leone,DM_POP_TOT_AGE,Total population by age,_T,Total,_T,Total,Y04,4 years old,"United Nations, Department of Economic and Social Affairs, Population Division (2024). World Population Prospects 2024.",,,,,3,Thousands,PS,Persons,https://population.un.org/wpp/,,,2023,224.821,,PRED,Predicted,,
SLE,Sierra Leone,DM_POP_TOT_AGE,Total population by age,_T,Total,_T,Total,Y01,1 year old,"United Nations, Department of Economic and Social Affairs, Population Division (2024). World Population Prospects 2024.",,,,,3,Thousands,PS,Persons,https://population.un.org/wpp/,,,2023,235.487,,PRED,Predicted,,
SLE,Sierra Leone,DM_POP_TOT_AGE,Total population by age,_T,Total,_T,Total,Y02,2 years old,"United Nations, Department of Economic and Social Affairs, Population Division (2024). World Population Prospects 2024.",,,,,3,Thousands,PS,Persons,https://population.un.org/wpp/,,,2023,230.905,,PRED,Predicted,,
SLE,Sierra Leone,DM_POP_TOT_AGE,Total population by age,_T,Total,_T,Total,Y0,Under 1 year old,"United Nations, Department of Economic and Social Affairs, Population Division (2024). World Population Prospects 2024.",,,,,3,Thousands,PS,Persons,https://population.un.org/wpp/,,,2023,244.841,,PRED,Predicted,,
ZMB,Zambia,DM_POP_TOT_AGE,Total population by age,_T,Total,_T,Total,Y0,Under 1 year old,"United Nations, Department of Economic and Social Affairs, Population Division (2024). World Population Prospects 2024.",,,,,3,Thousands,PS,Persons,https://population.un.org/wpp/,,,2023,659.086,,PRED,Predicted,,
ZMB,Zambia,DM_POP_TOT_AGE,Total population by age,_T,Total,_T,Total,Y03,3 years old,"United Nations, Department of Economic and Social Affairs, Population Division (2024). World Population Prospects 2024.",,,,,3,Thousands,PS,Persons,https://population.un.org/wpp/,,,2023,616.843,,PRED,Predicted,,
ZMB,Zambia,DM_POP_TOT_AGE,Total population by age,_T,Total,_T,Total,Y04,4 years old,"United Nations, Department of Economic and Social Affairs, Population Division (2024). World Population Prospects 2024.",,,,,3,Thousands,PS,Persons,https://population.un.org/wpp/,,,2023,605.616,,PRED,Predicted,,
ZMB,Zambia,DM_POP_TOT_AGE,Total population by age,_T,Total,_T,Total,Y02,2 years old,"United Nations, Department of Economic and Social Affairs, Population Division (2024). World Population Prospects 2024.",,,,,3,Thousands,PS,Persons,https://population.un.org/wpp/,,,2023,628.146,,PRED,Predicted,,
ZMB,Zambia,DM_POP_TOT_AGE,Total population by age,_T,Total,_T,Total,Y01,1 year old,"United Nations, Department of Economic and Social Affairs, Population Division (2024). World Population Prospects 2024.",,,,,3,Thousands,PS,Persons,https://population.un.org/wpp/,,,2023,641.981,,PRED,Predicted,,
KEN,Kenya,DM_POP_TOT_AGE,Total population by age,_T,Total,_T,Total,Y0,Under 1 year old,"United Nations, Department of Economic and Social Affairs, Population Division (2024). World Population Prospects 2024.",,,,,3,Thousands,PS,Persons,https://population.un.org/wpp/,,,2023,1452.999,,PRED,Predicted,,
KEN,Kenya,DM_POP_TOT_AGE,Total population by age,_T,Total,_T,Total,Y02,2 years old,"United Nations, Department of Economic and Social Affairs, Population Division (2024). World Population Prospects 2024.",,,,,3,Thousands,PS,Persons,https://population.un.org/wpp/,,,2023,1400.869,,PRED,Predicted,,
KEN,Kenya,DM_POP_TOT_AGE,Total population by age,_T,Total,_T,Total,Y03,3 years old,"United Nations, Department of Economic and Social Affairs, Population Division (2024). World Population Prospects 2024.",,,,,3,Thousands,PS,Persons,https://population.un.org/wpp/,,,2023,1381.636,,PRED,Predicted,,
KEN,Kenya,DM_POP_TOT_AGE,Total population by age,_T,Total,_T,Total,Y01,1 year old,"United Nations, Department of Economic and Social Affairs, Population Division (2024). World Population Prospects 2024.",,,,,3,Thousands,PS,Persons,https://population.un.org/wpp/,,,2023,1425.638,,PRED,Predicted,,
KEN,Kenya,DM_POP_TOT_AGE,Total population by age,_T,Total,_T,Total,Y04,4 years old,"United Nations, Department of Economic and Social Affairs, Population Division (2024). World Population Prospects 2024.",,,,,3,Thousands,PS,Persons,https://population.un.org/wpp/,,,2023,1375.554,,PRED,Predicted,,
SWZ,Eswatini,DM_POP_TOT_AGE,Total population by age,_T,Total,_T,Total,Y0,Under 1 year old,"United Nations, Department of Economic and Social Affairs, Population Division (2024). World Population Prospects 2024.",,,,,3,Thousands,PS,Persons,https://population.un.org/wpp/,,,2023,28.732,,PRED,Predicted,,
SWZ,Eswatini,DM_POP_TOT_AGE,Total population by age,_T,Total,_T,Total,Y02,2 years old,"United Nations, Department of Economic and Social Affairs, Population Division (2024). World Population Prospects 2024.",,,,,3,Thousands,PS,Persons,https://population.un.org/wpp/,,,2023,28.421,,PRED,Predicted,,
SWZ,Eswatini,DM_POP_TOT_AGE,Total population by age,_T,Total,_T,Total,Y03,3 years old,"United Nations, Department of Economic and Social Affairs, Population Division (2024). World Population Prospects 2024.",,,,,3,Thousands,PS,Persons,https://population.un.org/wpp/,,,2023,28.269,,PRED,Predicted,,
SWZ,Eswatini,DM_POP_TOT_AGE,Total population by age,_T,Total,_T,Total,Y04,4 years old,"United Nations, Department of Economic and Social Affairs, Population Division (2024). World Population Prospects 2024.",,,,,3,Thousands,PS,Persons,https://population.un.org/wpp/,,,2023,28.145,,PRED,Predicted,,
SWZ,Eswatini,DM_POP_TOT_AGE,Total population by age,_T,Total,_T,Total,Y01,1 year old,"United Nations, Department of Economic and Social Affairs, Population Division (2024). World Population Prospects 2024.",,,,,3,Thousands,PS,Persons,https://population.un.org/wpp/,,,2023,28.584,,PRED,Predicted,,
AGO,Angola,DM_POP_TOT_AGE,Total population by age,_T,Total,_T,Total,Y01,1 year old,"United Nations, Department of Economic and Social Affairs, Population Division (2024). World Population Prospects 2024.",,,,,3,Thousands,PS,Persons,https://population.un.org/wpp/,,,2023,1274.284,,PRED,Predicted,,
AGO,Angola,DM_POP_TOT_AGE,Total population by age,_T,Total,_T,Total,Y04,4 years old,"United Nations, Department of Economic and Social Affairs, Population Division (2024). World Population Prospects 2024.",,,,,3,Thousands,PS,Persons,https://population.un.org/wpp/,,,2023,1177.703,,PRED,Predicted,,
AGO,Angola,DM_POP_TOT_AGE,Total population by age,_T,Total,_T,Total,Y02,2 years old,"United Nations, Department of Economic and Social Affairs, Population Division (2024). World Population Prospects 2024.",,,,,3,Thousands,PS,Persons,https://population.un.org/wpp/,,,2023,1241.747,,PRED,Predicted,,
AGO,Angola,DM_POP_TOT_AGE,Total population by age,_T,Total,_T,Total,Y03,3 years old,"United Nations, Department of Economic and Social Affairs, Population Division (2024). World Population Prospects 2024.",,,,,3,Thousands,PS,Persons,https://population.un.org/wpp/,,,2023,1208.901,,PRED,Predicted,,
AGO,Angola,DM_POP_TOT_AGE,Total population by age,_T,Total,_T,Total,Y0,Under 1 year old,"United Nations, Department of Economic and Social Affairs, Population Division (2024). World Population Prospects 2024.",,,,,3,Thousands,PS,Persons,https://population.un.org/wpp/,,,2023,1316.621,,PRED,Predicted,,
ERI,Eritrea,DM_POP_TOT_AGE,Total population by age,_T,Total,_T,Total,Y0,Under 1 year old,"United Nations, Department of Economic and Social Affairs, Population Division (2024). World Population Prospects 2024.",,,,,3,Thousands,PS,Persons,https://population.un.org/wpp/,,,2023,95.783,,PRED,Predicted,,
ERI,Eritrea,DM_POP_TOT_AGE,Total population by age,_T,Total,_T,Total,Y01,1 year old,"United Nations, Department of Economic and Social Affairs, Population Division (2024). World Population Prospects 2024.",,,,,3,Thousands,PS,Persons,https://population.un.org/wpp/,,,2023,93.84,,PRED,Predicted,,
ERI,Eritrea,DM_POP_TOT_AGE,Total population by age,_T,Total,_T,Total,Y02,2 years old,"United Nations, Department of Economic and Social Affairs, Population Division (2024). World Population Prospects 2024.",,,,,3,Thousands,PS,Persons,https://population.un.org/wpp/,,,2023,92.061,,PRED,Predicted,,
ERI,Eritrea,DM_POP_TOT_AGE,Total population by age,_T,Total,_T,Total,Y03,3 years old,"United Nations, Department of Economic and Social Affairs, Population Division (2024). World Population Prospects 2024.",,,,,3,Thousands,PS,Persons,https://population.un.org/wpp/,,,2023,90.438,,PRED,Predicted,,
ERI,Eritrea,DM_POP_TOT_AGE,Total population by age,_T,Total,_T,Total,Y04,4 years old,"United Nations, Department of Economic and Social Affairs, Population Division (2024). World Population Prospects 2024.",,,,,3,Thousands,PS,Persons,https://population.un.org/wpp/,,,2023,88.992,,PRED,Predicted,,
CPV,Cabo Verde,DM_POP_TOT_AGE,Total population by age,_T,Total,_T,Total,Y01,1 year old,"United Nations, Department of Economic and Social Affairs, Population Division (2024). World Population Prospects 2024.",,,,,3,Thousands,PS,Persons,https://population.un.org/wpp/,,,2023,6.382,,PRED,Predicted,,
CPV,Cabo Verde,DM_POP_TOT_AGE,Total population by age,_T,Total,_T,Total,Y04,4 years old,"United Nations, Department of Economic and Social Affairs, Population Division (2024). World Population Prospects 2024.",,,,,3,Thousands,PS,Persons,https://population.un.org/wpp/,,,2023,9.553,,PRED,Predicted,,
CPV,Cabo Verde,DM_POP_TOT_AGE,Total population by age,_T,Total,_T,Total,Y02,2 years old,"United Nations, Department of Economic and Social Affairs, Population Division (2024). World Population Prospects 2024.",,,,,3,Thousands,PS,Persons,https://population.un.org/wpp/,,,2023,7.656,,PRED,Predicted,,
CPV,Cabo Verde,DM_POP_TOT_AGE,Total population by age,_T,Total,_T,Total,Y03,3 years old,"United Nations, Department of Economic and Social Affairs, Population Division (2024). World Population Prospects 2024.",,,,,3,Thousands,PS,Persons,https://population.un.org/wpp/,,,2023,9.168,,PRED,Predicted,,
CPV,Cabo Verde,DM_POP_TOT_AGE,Total population by age,_T,Total,_T,Total,Y0,Under 1 year old,"United Nations, Department of Economic and Social Affairs, Population Division (2024). World Population Prospects 2024.",,,,,3,Thousands,PS,Persons,https://population.un.org/wpp/,,,2023,6.376,,PRED,Predicted,,
MRT,Mauritania,DM_POP_TOT_AGE,Total population by age,_T,Total,_T,Total,Y0,Under 1 year old,"United Nations, Department of Economic and Social Affairs, Population Division (2024). World Population Prospects 2024.",,,,,3,Thousands,PS,Persons,https://population.un.org/wpp/,,,2023,166.881,,PRED,Predicted,,
MRT,Mauritania,DM_POP_TOT_AGE,Total population by age,_T,Total,_T,Total,Y03,3 years old,"United Nations, Department of Economic and Social Affairs, Population Division (2024). World Population Prospects 2024.",,,,,3,Thousands,PS,Persons,https://population.un.org/wpp/,,,2023,156.635,,PRED,Predicted,,
MRT,Mauritania,DM_POP_TOT_AGE,Total population by age,_T,Total,_T,Total,Y04,4 years old,"United Nations, Department of Economic and Social Affairs, Population Division (2024). World Population Prospects 2024.",,,,,3,Thousands,PS,Persons,https://population.un.org/wpp/,,,2023,153.51,,PRED,Predicted,,
MRT,Mauritania,DM_POP_TOT_AGE,Total population by age,_T,Total,_T,Total,Y02,2 years old,"United Nations, Department of Economic and Social Affairs, Population Division (2024). World Population Prospects 2024.",,,,,3,Thousands,PS,Persons,https://population.un.org/wpp/,,,2023,159.827,,PRED,Predicted,,
MRT,Mauritania,DM_POP_TOT_AGE,Total population by age,_T,Total,_T,Total,Y01,1 year old,"United Nations, Department of Economic and Social Affairs, Population Division (2024). World Population Prospects 2024.",,,,,3,Thousands,PS,Persons,https://population.un.org/wpp/,,,2023,163.064,,PRED,Predicted,,
BFA,Burkina Faso,DM_POP_TOT_AGE,Total population by age,_T,Total,_T,Total,Y0,Under 1 year old,"United Nations, Department of Economic and Social Affairs, Population Division (2024). World Population Prospects 2024.",,,,,3,Thousands,PS,Persons,https://population.un.org/wpp/,,,2023,694.13,,PRED,Predicted,,
BFA,Burkina Faso,DM_POP_TOT_AGE,Total population by age,_T,Total,_T,Total,Y01,1 year old,"United Nations, Department of Economic and Social Affairs, Population Division (2024). World Population Prospects 2024.",,,,,3,Thousands,PS,Persons,https://population.un.org/wpp/,,,2023,674.818,,PRED,Predicted,,
BFA,Burkina Faso,DM_POP_TOT_AGE,Total population by age,_T,Total,_T,Total,Y03,3 years old,"United Nations, Department of Economic and Social Affairs, Population Division (2024). World Population Prospects 2024.",,,,,3,Thousands,PS,Persons,https://population.un.org/wpp/,,,2023,656.587,,PRED,Predicted,,
BFA,Burkina Faso,DM_POP_TOT_AGE,Total population by age,_T,Total,_T,Total,Y04,4 years old,"United Nations, Department of Economic and Social Affairs, Population Division (2024). World Population Prospects 2024.",,,,,3,Thousands,PS,Persons,https://population.un.org/wpp/,,,2023,666.232,,PRED,Predicted,,
BFA,Burkina Faso,DM_POP_TOT_AGE,Total population by age,_T,Total,_T,Total,Y02,2 years old,"United Nations, Department of Economic and Social Affairs, Population Division (2024). World Population Prospects 2024.",,,,,3,Thousands,PS,Persons,https://population.un.org/wpp/,,,2023,659.372,,PRED,Predicted,,
MLI,Mali,DM_POP_TOT_AGE,Total population by age,_T,Total,_T,Total,Y0,Under 1 year old,"United Nations, Department of Economic and Social Affairs, Population Division (2024). World Population Prospects 2024.",,,,,3,Thousands,PS,Persons,https://population.un.org/wpp/,,,2023,895.715,,PRED,Predicted,,
COD,Democratic Republic of the Congo,DM_POP_TOT_AGE,Total population by age,_T,Total,_T,Total,Y04,4 years old,"United Nations, Department of Economic and Social Affairs, Population Division (2024). World Population Prospects 2024.",,,,,3,Thousands,PS,Persons,https://population.un.org/wpp/,,,2023,3595.858,,PRED,Predicted,,
COD,Democratic Republic of the Congo,DM_POP_TOT_AGE,Total population by age,_T,Total,_T,Total,Y02,2 years old,"United Nations, Department of Economic and Social Affairs, Population Division (2024). World Population Prospects 2024.",,,,,3,Thousands,PS,Persons,https://population.un.org/wpp/,,,2023,3843.012,,PRED,Predicted,,
COD,Democratic Republic of the Congo,DM_POP_TOT_AGE,Total population by age,_T,Total,_T,Total,Y03,3 years old,"United Nations, Department of Economic and Social Affairs, Population Division (2024). World Population Prospects 2024.",,,,,3,Thousands,PS,Persons,https://population.un.org/wpp/,,,2023,3714.97,,PRED,Predicted,,
COD,Democratic Republic of the Congo,DM_POP_TOT_AGE,Total population by age,_T,Total,_T,Total,Y01,1 year old,"United Nations, Department of Economic and Social Affairs, Population Division (2024). World Population Prospects 2024.",,,,,3,Thousands,PS,Persons,https://population.un.org/wpp/,,,2023,3979.573,,PRED,Predicted,,
COD,Democratic Republic of the Congo,DM_POP_TOT_AGE,Total population by age,_T,Total,_T,Total,Y0,Under 1 year old,"United Nations, Department of Economic and Social Affairs, Population Division (2024). World Population Prospects 2024.",,,,,3,Thousands,PS,Persons,https://population.un.org/wpp/,,,2023,4142.463,,PRED,Predicted,,
MLI,Mali,DM_POP_TOT_AGE,Total population by age,_T,Total,_T,Total,Y04,4 years old,"United Nations, Department of Economic and Social Affairs, Population Division (2024). World Population Prospects 2024.",,,,,3,Thousands,PS,Persons,https://population.un.org/wpp/,,,2023,781.407,,PRED,Predicted,,
MLI,Mali,DM_POP_TOT_AGE,Total population by age,_T,Total,_T,Total,Y02,2 years old,"United Nations, Department of Economic and Social Affairs, Population Division (2024). World Population Prospects 2024.",,,,,3,Thousands,PS,Persons,https://population.un.org/wpp/,,,2023,826.667,,PRED,Predicted,,
MLI,Mali,DM_POP_TOT_AGE,Total population by age,_T,Total,_T,Total,Y03,3 years old,"United Nations, Department of Economic and Social Affairs, Population Division (2024). World Population Prospects 2024.",,,,,3,Thousands,PS,Persons,https://population.un.org/wpp/,,,2023,797.396,,PRED,Predicted,,
MLI,Mali,DM_POP_TOT_AGE,Total population by age,_T,Total,_T,Total,Y01,1 year old,"United Nations, Department of Economic and Social Affairs, Population Division (2024). World Population Prospects 2024.",,,,,3,Thousands,PS,Persons,https://population.un.org/wpp/,,,2023,856.988,,PRED,Predicted,,
GNB,Guinea-Bissau,DM_POP_TOT_AGE,Total population by age,_T,Total,_T,Total,Y01,1 year old,"United Nations, Department of Economic and Social Affairs, Population Division (2024). World Population Prospects 2024.",,,,,3,Thousands,PS,Persons,https://population.un.org/wpp/,,,2023,60.337,,PRED,Predicted,,
GNB,Guinea-Bissau,DM_POP_TOT_AGE,Total population by age,_T,Total,_T,Total,Y02,2 years old,"United Nations, Department of Economic and Social Affairs, Population Division (2024). World Population Prospects 2024.",,,,,3,Thousands,PS,Persons,https://population.un.org/wpp/,,,2023,59.3,,PRED,Predicted,,
GNB,Guinea-Bissau,DM_POP_TOT_AGE,Total population by age,_T,Total,_T,Total,Y04,4 years old,"United Nations, Department of Economic and Social Affairs, Population Division (2024). World Population Prospects 2024.",,,,,3,Thousands,PS,Persons,https://population.un.org/wpp/,,,2023,57.471,,PRED,Predicted,,
GNB,Guinea-Bissau,DM_POP_TOT_AGE,Total population by age,_T,Total,_T,Total,Y03,3 years old,"United Nations, Department of Economic and Social Affairs, Population Division (2024). World Population Prospects 2024.",,,,,3,Thousands,PS,Persons,https://population.un.org/wpp/,,,2023,58.325,,PRED,Predicted,,
GNB,Guinea-Bissau,DM_POP_TOT_AGE,Total population by age,_T,Total,_T,Total,Y0,Under 1 year old,"United Nations, Department of Economic and Social Affairs, Population Division (2024). World Population Prospects 2024.",,,,,3,Thousands,PS,Persons,https://population.un.org/wpp/,,,2023,61.864,,PRED,Predicted,,
SYC,Seychelles,DM_POP_TOT_AGE,Total population by age,_T,Total,_T,Total,Y0,Under 1 year old,"United Nations, Department of Economic and Social Affairs, Population Division (2024). World Population Prospects 2024.",,,,,3,Thousands,PS,Persons,https://population.un.org/wpp/,,,2023,1.745,,PRED,Predicted,,
SYC,Seychelles,DM_POP_TOT_AGE,Total population by age,_T,Total,_T,Total,Y02,2 years old,"United Nations, Department of Economic and Social Affairs, Population Division (2024). World Population Prospects 2024.",,,,,3,Thousands,PS,Persons,https://population.un.org/wpp/,,,2023,1.805,,PRED,Predicted,,
SYC,Seychelles,DM_POP_TOT_AGE,Total population by age,_T,Total,_T,Total,Y04,4 years old,"United Nations, Department of Economic and Social Affairs, Population Division (2024). World Population Prospects 2024.",,,,,3,Thousands,PS,Persons,https://population.un.org/wpp/,,,2023,1.745,,PRED,Predicted,,
SYC,Seychelles,DM_POP_TOT_AGE,Total population by age,_T,Total,_T,Total,Y03,3 years old,"United Nations, Department of Economic and Social Affairs, Population Division (2024). World Population Prospects 2024.",,,,,3,Thousands,PS,Persons,https://population.un.org/wpp/,,,2023,1.752,,PRED,Predicted,,
SYC,Seychelles,DM_POP_TOT_AGE,Total population by age,_T,Total,_T,Total,Y01,1 year old,"United Nations, Department of Economic and Social Affairs, Population Division (2024). World Population Prospects 2024.",,,,,3,Thousands,PS,Persons,https://population.un.org/wpp/,,,2023,1.804,,PRED,Predicted,,
LBR,Liberia,DM_POP_TOT_AGE,Total population by age,_T,Total,_T,Total,Y04,4 years old,"United Nations, Department of Economic and Social Affairs, Population Division (2024). World Population Prospects 2024.",,,,,3,Thousands,PS,Persons,https://population.un.org/wpp/,,,2023,149.905,,PRED,Predicted,,
LBR,Liberia,DM_POP_TOT_AGE,Total population by age,_T,Total,_T,Total,Y03,3 years old,"United Nations, Department of Economic and Social Affairs, Population Division (2024). World Population Prospects 2024.",,,,,3,Thousands,PS,Persons,https://population.un.org/wpp/,,,2023,151.532,,PRED,Predicted,,
LBR,Liberia,DM_POP_TOT_AGE,Total population by age,_T,Total,_T,Total,Y02,2 years old,"United Nations, Department of Economic and Social Affairs, Population Division (2024). World Population Prospects 2024.",,,,,3,Thousands,PS,Persons,https://population.un.org/wpp/,,,2023,153.595,,PRED,Predicted,,
LBR,Liberia,DM_POP_TOT_AGE,Total population by age,_T,Total,_T,Total,Y01,1 year old,"United Nations, Department of Economic and Social Affairs, Population Division (2024). World Population Prospects 2024.",,,,,3,Thousands,PS,Persons,https://population.un.org/wpp/,,,2023,156.369,,PRED,Predicted,,
LBR,Liberia,DM_POP_TOT_AGE,Total population by age,_T,Total,_T,Total,Y0,Under 1 year old,"United Nations, Department of Economic and Social Affairs, Population Division (2024). World Population Prospects 2024.",,,,,3,Thousands,PS,Persons,https://population.un.org/wpp/,,,2023,161.531,,PRED,Predicted,,
STP,Sao Tome and Principe,DM_POP_TOT_AGE,Total population by age,_T,Total,_T,Total,Y01,1 year old,"United Nations, Department of Economic and Social Affairs, Population Division (2024). World Population Prospects 2024.",,,,,3,Thousands,PS,Persons,https://population.un.org/wpp/,,,2023,6.251,,PRED,Predicted,,
STP,Sao Tome and Principe,DM_POP_TOT_AGE,Total population by age,_T,Total,_T,Total,Y04,4 years old,"United Nations, Department of Economic and Social Affairs, Population Division (2024). World Population Prospects 2024.",,,,,3,Thousands,PS,Persons,https://population.un.org/wpp/,,,2023,5.904,,PRED,Predicted,,
STP,Sao Tome and Principe,DM_POP_TOT_AGE,Total population by age,_T,Total,_T,Total,Y03,3 years old,"United Nations, Department of Economic and Social Affairs, Population Division (2024). World Population Prospects 2024.",,,,,3,Thousands,PS,Persons,https://population.un.org/wpp/,,,2023,6.011,,PRED,Predicted,,
STP,Sao Tome and Principe,DM_POP_TOT_AGE,Total population by age,_T,Total,_T,Total,Y02,2 years old,"United Nations, Department of Economic and Social Affairs, Population Division (2024). World Population Prospects 2024.",,,,,3,Thousands,PS,Persons,https://population.un.org/wpp/,,,2023,6.107,,PRED,Predicted,,
STP,Sao Tome and Principe,DM_POP_TOT_AGE,Total population by age,_T,Total,_T,Total,Y0,Under 1 year old,"United Nations, Department of Economic and Social Affairs, Population Division (2024). World Population Prospects 2024.",,,,,3,Thousands,PS,Persons,https://population.un.org/wpp/,,,2023,6.377,,PRED,Predicted,,
TCD,Chad,DM_POP_TOT_AGE,Total population by age,_T,Total,_T,Total,Y04,4 years old,"United Nations, Department of Economic and Social Affairs, Population Division (2024). World Population Prospects 2024.",,,,,3,Thousands,PS,Persons,https://population.un.org/wpp/,,,2023,654.802,,PRED,Predicted,,
TCD,Chad,DM_POP_TOT_AGE,Total population by age,_T,Total,_T,Total,Y03,3 years old,"United Nations, Department of Economic and Social Affairs, Population Division (2024). World Population Prospects 2024.",,,,,3,Thousands,PS,Persons,https://population.un.org/wpp/,,,2023,679.997,,PRED,Predicted,,
TCD,Chad,DM_POP_TOT_AGE,Total population by age,_T,Total,_T,Total,Y02,2 years old,"United Nations, Department of Economic and Social Affairs, Population Division (2024). World Population Prospects 2024.",,,,,3,Thousands,PS,Persons,https://population.un.org/wpp/,,,2023,704.106,,PRED,Predicted,,
TCD,Chad,DM_POP_TOT_AGE,Total population by age,_T,Total,_T,Total,Y01,1 year old,"United Nations, Department of Economic and Social Affairs, Population Division (2024). World Population Prospects 2024.",,,,,3,Thousands,PS,Persons,https://population.un.org/wpp/,,,2023,734.418,,PRED,Predicted,,
TCD,Chad,DM_POP_TOT_AGE,Total population by age,_T,Total,_T,Total,Y0,Under 1 year old,"United Nations, Department of Economic and Social Affairs, Population Division (2024). World Population Prospects 2024.",,,,,3,Thousands,PS,Persons,https://population.un.org/wpp/,,,2023,773.594,,PRED,Predicted,,
ZAF,South Africa,DM_POP_TOT_AGE,Total population by age,_T,Total,_T,Total,Y01,1 year old,"United Nations, Department of Economic and Social Affairs, Population Division (2024). World Population Prospects 2024.",,,,,3,Thousands,PS,Persons,https://population.un.org/wpp/,,,2023,1198.685,,PRED,Predicted,,
ZAF,South Africa,DM_POP_TOT_AGE,Total population by age,_T,Total,_T,Total,Y03,3 years old,"United Nations, Department of Economic and Social Affairs, Population Division (2024). World Population Prospects 2024.",,,,,3,Thousands,PS,Persons,https://population.un.org/wpp/,,,2023,1175.063,,PRED,Predicted,,
ZAF,South Africa,DM_POP_TOT_AGE,Total population by age,_T,Total,_T,Total,Y02,2 years old,"United Nations, Department of Economic and Social Affairs, Population Division (2024). World Population Prospects 2024.",,,,,3,Thousands,PS,Persons,https://population.un.org/wpp/,,,2023,1213.677,,PRED,Predicted,,
ZAF,South Africa,DM_POP_TOT_AGE,Total population by age,_T,Total,_T,Total,Y04,4 years old,"United Nations, Department of Economic and Social Affairs, Population Division (2024). World Population Prospects 2024.",,,,,3,Thousands,PS,Persons,https://population.un.org/wpp/,,,2023,1138.909,,PRED,Predicted,,
ZAF,South Africa,DM_POP_TOT_AGE,Total population by age,_T,Total,_T,Total,Y0,Under 1 year old,"United Nations, Department of Economic and Social Affairs, Population Division (2024). World Population Prospects 2024.",,,,,3,Thousands,PS,Persons,https://population.un.org/wpp/,,,2023,1161.443,,PRED,Predicted,,
BDI,Burundi,DM_POP_TOT_AGE,Total population by age,_T,Total,_T,Total,Y04,4 years old,"United Nations, Department of Economic and Social Affairs, Population Division (2024). World Population Prospects 2024.",,,,,3,Thousands,PS,Persons,https://population.un.org/wpp/,,,2023,421.58,,PRED,Predicted,,
BDI,Burundi,DM_POP_TOT_AGE,Total population by age,_T,Total,_T,Total,Y03,3 years old,"United Nations, Department of Economic and Social Affairs, Population Division (2024). World Population Prospects 2024.",,,,,3,Thousands,PS,Persons,https://population.un.org/wpp/,,,2023,428.618,,PRED,Predicted,,
BDI,Burundi,DM_POP_TOT_AGE,Total population by age,_T,Total,_T,Total,Y02,2 years old,"United Nations, Department of Economic and Social Affairs, Population Division (2024). World Population Prospects 2024.",,,,,3,Thousands,PS,Persons,https://population.un.org/wpp/,,,2023,433.818,,PRED,Predicted,,
BDI,Burundi,DM_POP_TOT_AGE,Total population by age,_T,Total,_T,Total,Y01,1 year old,"United Nations, Department of Economic and Social Affairs, Population Division (2024). World Population Prospects 2024.",,,,,3,Thousands,PS,Persons,https://population.un.org/wpp/,,,2023,438.246,,PRED,Predicted,,
BDI,Burundi,DM_POP_TOT_AGE,Total population by age,_T,Total,_T,Total,Y0,Under 1 year old,"United Nations, Department of Economic and Social Affairs, Population Division (2024). World Population Prospects 2024.",,,,,3,Thousands,PS,Persons,https://population.un.org/wpp/,,,2023,444.971,,PRED,Predicted,,
COG,Congo,DM_POP_TOT_AGE,Total population by age,_T,Total,_T,Total,Y04,4 years old,"United Nations, Department of Economic and Social Affairs, Population Division (2024). World Population Prospects 2024.",,,,,3,Thousands,PS,Persons,https://population.un.org/wpp/,,,2023,171.877,,PRED,Predicted,,
COG,Congo,DM_POP_TOT_AGE,Total population by age,_T,Total,_T,Total,Y03,3 years old,"United Nations, Department of Economic and Social Affairs, Population Division (2024). World Population Prospects 2024.",,,,,3,Thousands,PS,Persons,https://population.un.org/wpp/,,,2023,173.971,,PRED,Predicted,,
COG,Congo,DM_POP_TOT_AGE,Total population by age,_T,Total,_T,Total,Y02,2 years old,"United Nations, Department of Economic and Social Affairs, Population Division (2024). World Population Prospects 2024.",,,,,3,Thousands,PS,Persons,https://population.un.org/wpp/,,,2023,176.827,,PRED,Predicted,,
COG,Congo,DM_POP_TOT_AGE,Total population by age,_T,Total,_T,Total,Y01,1 year old,"United Nations, Department of Economic and Social Affairs, Population Division (2024). World Population Prospects 2024.",,,,,3,Thousands,PS,Persons,https://population.un.org/wpp/,,,2023,179.737,,PRED,Predicted,,
COG,Congo,DM_POP_TOT_AGE,Total population by age,_T,Total,_T,Total,Y0,Under 1 year old,"United Nations, Department of Economic and Social Affairs, Population Division (2024). World Population Prospects 2024.",,,,,3,Thousands,PS,Persons,https://population.un.org/wpp/,,,2023,183.269,,PRED,Predicted,,
DJI,Djibouti,DM_POP_TOT_AGE,Total population by age,_T,Total,_T,Total,Y0,Under 1 year old,"United Nations, Department of Economic and Social Affairs, Population Division (2024). World Population Prospects 2024.",,,,,3,Thousands,PS,Persons,https://population.un.org/wpp/,,,2023,23.197,,PRED,Predicted,,
DJI,Djibouti,DM_POP_TOT_AGE,Total population by age,_T,Total,_T,Total,Y01,1 year old,"United Nations, Department of Economic and Social Affairs, Population Division (2024). World Population Prospects 2024.",,,,,3,Thousands,PS,Persons,https://population.un.org/wpp/,,,2023,22.988,,PRED,Predicted,,
DJI,Djibouti,DM_POP_TOT_AGE,Total population by age,_T,Total,_T,Total,Y04,4 years old,"United Nations, Department of Economic and Social Affairs, Population Division (2024). World Population Prospects 2024.",,,,,3,Thousands,PS,Persons,https://population.un.org/wpp/,,,2023,22.701,,PRED,Predicted,,
DJI,Djibouti,DM_POP_TOT_AGE,Total population by age,_T,Total,_T,Total,Y03,3 years old,"United Nations, Department of Economic and Social Affairs, Population Division (2024). World Population Prospects 2024.",,,,,3,Thousands,PS,Persons,https://population.un.org/wpp/,,,2023,22.756,,PRED,Predicted,,
DJI,Djibouti,DM_POP_TOT_AGE,Total population by age,_T,Total,_T,Total,Y02,2 years old,"United Nations, Department of Economic and Social Affairs, Population Division (2024). World Population Prospects 2024.",,,,,3,Thousands,PS,Persons,https://population.un.org/wpp/,,,2023,22.864,,PRED,Predicted,,
