"source","year","location_level","iso3","location_name","pop_0_11_months","pop_1_4_years","pop_under_5","file_00","file_01","doi"
"WorldPop Global2 R2025A (constrained, UN-adjusted, 1 km)",2023,"country","AGO","Angola",1304636.00007227,4849230.9994589,6153866.99953117,"ago_t_00_2023_CN_1km_R2025A_UA_v1.tif","ago_t_01_2023_CN_1km_R2025A_UA_v1.tif","10.5258/SOTON/WP00842"
"WorldPop Global2 R2025A (constrained, UN-adjusted, 1 km)",2023,"country","BEN","Benin",452438.999760709,1712452.00005159,2164890.9998123,"ben_t_00_2023_CN_1km_R2025A_UA_v1.tif","ben_t_01_2023_CN_1km_R2025A_UA_v1.tif","10.5258/SOTON/WP00842"
"WorldPop Global2 R2025A (constrained, UN-adjusted, 1 km)",2023,"country","BWA","Botswana",59991.0000106467,231502.999992503,291494.00000315,"bwa_t_00_2023_CN_1km_R2025A_UA_v1.tif","bwa_t_01_2023_CN_1km_R2025A_UA_v1.tif","10.5258/SOTON/WP00842"
"WorldPop Global2 R2025A (constrained, UN-adjusted, 1 km)",2023,"country","BFA","Burkina Faso",690431.99987846,2660376.99949552,3350808.99937398,"bfa_t_00_2023_CN_1km_R2025A_UA_v1.tif","bfa_t_01_2023_CN_1km_R2025A_UA_v1.tif","10.5258/SOTON/WP00842"
"WorldPop Global2 R2025A (constrained, UN-adjusted, 1 km)",2023,"country","BDI","Burundi",442892.999990537,1713758.99941437,2156651.9994049,"bdi_t_00_2023_CN_1km_R2025A_UA_v1.tif","bdi_t_01_2023_CN_1km_R2025A_UA_v1.tif","10.5258/SOTON/WP00842"
"WorldPop Global2 R2025A (constrained, UN-adjusted, 1 km)",2023,"country","CPV","Cabo Verde",6385.16571429761,34438.106776578,40823.2724908756,"cpv_t_00_2023_CN_1km_R2025A_UA_v1.tif","cpv_t_01_2023_CN_1km_R2025A_UA_v1.tif","10.5258/SOTON/WP00842"
"WorldPop Global2 R2025A (constrained, UN-adjusted, 1 km)",2023,"country","CMR","Cameroon",909661.000068381,3459186.00088909,4368847.00095748,"cmr_t_00_2023_CN_1km_R2025A_UA_v1.tif","cmr_t_01_2023_CN_1km_R2025A_UA_v1.tif","10.5258/SOTON/WP00842"
"WorldPop Global2 R2025A (constrained, UN-adjusted, 1 km)",2023,"country","CAF","Central African Republic",201617.000086703,716139.000545976,917756.000632679,"caf_t_00_2023_CN_1km_R2025A_UA_v1.tif","caf_t_01_2023_CN_1km_R2025A_UA_v1.tif","10.5258/SOTON/WP00842"
"WorldPop Global2 R2025A (constrained, UN-adjusted, 1 km)",2023,"country","TCD","Chad",760441.999921331,2721293.00102328,3481735.00094461,"tcd_t_00_2023_CN_1km_R2025A_UA_v1.tif","tcd_t_01_2023_CN_1km_R2025A_UA_v1.tif","10.5258/SOTON/WP00842"
"WorldPop Global2 R2025A (constrained, UN-adjusted, 1 km)",2023,"country","COM","Comoros",23401.9999423324,90390.000306128,113792.00024846,"com_t_00_2023_CN_1km_R2025A_UA_v1.tif","com_t_01_2023_CN_1km_R2025A_UA_v1.tif","10.5258/SOTON/WP00842"
"WorldPop Global2 R2025A (constrained, UN-adjusted, 1 km)",2023,"country","COG","Congo",181878.999748143,698442.000036136,880320.999784279,"cog_t_00_2023_CN_1km_R2025A_UA_v1.tif","cog_t_01_2023_CN_1km_R2025A_UA_v1.tif","10.5258/SOTON/WP00842"
"WorldPop Global2 R2025A (constrained, UN-adjusted, 1 km)",2023,"country","CIV","Côte d'Ivoire",947943.999878903,3625848.00040946,4573792.00028836,"civ_t_00_2023_CN_1km_R2025A_UA_v1.tif","civ_t_01_2023_CN_1km_R2025A_UA_v1.tif","10.5258/SOTON/WP00842"
"WorldPop Global2 R2025A (constrained, UN-adjusted, 1 km)",2023,"country","COD","Democratic Republic of the Congo",4089796.99897679,14926762.0061224,19016559.0050992,"cod_t_00_2023_CN_1km_R2025A_UA_v1.tif","cod_t_01_2023_CN_1km_R2025A_UA_v1.tif","10.5258/SOTON/WP00842"
"WorldPop Global2 R2025A (constrained, UN-adjusted, 1 km)",2023,"country","DJI","Djibouti",23174.0000495157,91276.0000272091,114450.000076725,"dji_t_00_2023_CN_1km_R2025A_UA_v1.tif","dji_t_01_2023_CN_1km_R2025A_UA_v1.tif","10.5258/SOTON/WP00842"
"WorldPop Global2 R2025A (constrained, UN-adjusted, 1 km)",2023,"country","GNQ","Equatorial Guinea",52108.999938881,199066.999842647,251175.999781528,"gnq_t_00_2023_CN_1km_R2025A_UA_v1.tif","gnq_t_01_2023_CN_1km_R2025A_UA_v1.tif","10.5258/SOTON/WP00842"
"WorldPop Global2 R2025A (constrained, UN-adjusted, 1 km)",2023,"country","ERI","Eritrea",95009.215501204,362458.264891203,457467.480392407,"eri_t_00_2023_CN_1km_R2025A_UA_v1.tif","eri_t_01_2023_CN_1km_R2025A_UA_v1.tif","10.5258/SOTON/WP00842"
"WorldPop Global2 R2025A (constrained, UN-adjusted, 1 km)",2023,"country","SWZ","Eswatini",28901.999976568,113481.999947881,142383.999924449,"swz_t_00_2023_CN_1km_R2025A_UA_v1.tif","swz_t_01_2023_CN_1km_R2025A_UA_v1.tif","10.5258/SOTON/WP00842"
"WorldPop Global2 R2025A (constrained, UN-adjusted, 1 km)",2023,"country","ETH","Ethiopia",3945963.00005271,14942276.996491,18888239.9965437,"eth_t_00_2023_CN_1km_R2025A_UA_v1.tif","eth_t_01_2023_CN_1km_R2025A_UA_v1.tif","10.5258/SOTON/WP00842"
"WorldPop Global2 R2025A (constrained, UN-adjusted, 1 km)",2023,"country","GAB","Gabon",67090.9999377167,263407.999926704,330498.99986442,"gab_t_00_2023_CN_1km_R2025A_UA_v1.tif","gab_t_01_2023_CN_1km_R2025A_UA_v1.tif","10.5258/SOTON/WP00842"
"WorldPop Global2 R2025A (constrained, UN-adjusted, 1 km)",2023,"country","GMB","Gambia",78930.9999704684,302189.00027963,381120.000250098,"gmb_t_00_2023_CN_1km_R2025A_UA_v1.tif","gmb_t_01_2023_CN_1km_R2025A_UA_v1.tif","10.5258/SOTON/WP00842"
"WorldPop Global2 R2025A (constrained, UN-adjusted, 1 km)",2023,"country","GHA","Ghana",857509.999785952,3356307.00055524,4213817.0003412,"gha_t_00_2023_CN_1km_R2025A_UA_v1.tif","gha_t_01_2023_CN_1km_R2025A_UA_v1.tif","10.5258/SOTON/WP00842"
"WorldPop Global2 R2025A (constrained, UN-adjusted, 1 km)",2023,"country","GIN","Guinea",458716.000185193,1721818.99904904,2180534.99923423,"gin_t_00_2023_CN_1km_R2025A_UA_v1.tif","gin_t_01_2023_CN_1km_R2025A_UA_v1.tif","10.5258/SOTON/WP00842"
"WorldPop Global2 R2025A (constrained, UN-adjusted, 1 km)",2023,"country","GNB","Guinea-Bissau",61572.0000524404,234263.999863662,295835.999916102,"gnb_t_00_2023_CN_1km_R2025A_UA_v1.tif","gnb_t_01_2023_CN_1km_R2025A_UA_v1.tif","10.5258/SOTON/WP00842"
"WorldPop Global2 R2025A (constrained, UN-adjusted, 1 km)",2023,"country","KEN","Kenya",1444619.99945384,5561970.99982584,7006590.99927969,"ken_t_00_2023_CN_1km_R2025A_UA_v1.tif","ken_t_01_2023_CN_1km_R2025A_UA_v1.tif","10.5258/SOTON/WP00842"
"WorldPop Global2 R2025A (constrained, UN-adjusted, 1 km)",2023,"country","LSO","Lesotho",53255.9999853365,214794.000133797,268050.000119133,"lso_t_00_2023_CN_1km_R2025A_UA_v1.tif","lso_t_01_2023_CN_1km_R2025A_UA_v1.tif","10.5258/SOTON/WP00842"
"WorldPop Global2 R2025A (constrained, UN-adjusted, 1 km)",2023,"country","LBR","Liberia",160281.999989295,608349.999995698,768631.999984993,"lbr_t_00_2023_CN_1km_R2025A_UA_v1.tif","lbr_t_01_2023_CN_1km_R2025A_UA_v1.tif","10.5258/SOTON/WP00842"
"WorldPop Global2 R2025A (constrained, UN-adjusted, 1 km)",2023,"country","MDG","Madagascar",952611.007090633,3599391.99829305,4552003.00538368,"mdg_t_00_2023_CN_1km_R2025A_UA_v1.tif","mdg_t_01_2023_CN_1km_R2025A_UA_v1.tif","10.5258/SOTON/WP00842"
"WorldPop Global2 R2025A (constrained, UN-adjusted, 1 km)",2023,"country","MWI","Malawi",635394.999942047,2419841.99958566,3055236.9995277,"mwi_t_00_2023_CN_1km_R2025A_UA_v1.tif","mwi_t_01_2023_CN_1km_R2025A_UA_v1.tif","10.5258/SOTON/WP00842"
"WorldPop Global2 R2025A (constrained, UN-adjusted, 1 km)",2023,"country","MLI","Mali",885463.000001795,3230716.9994005,4116179.99940229,"mli_t_00_2023_CN_1km_R2025A_UA_v1.tif","mli_t_01_2023_CN_1km_R2025A_UA_v1.tif","10.5258/SOTON/WP00842"
"WorldPop Global2 R2025A (constrained, UN-adjusted, 1 km)",2023,"country","MRT","Mauritania",165362.999993962,627208.999937134,792571.999931097,"mrt_t_00_2023_CN_1km_R2025A_UA_v1.tif","mrt_t_01_2023_CN_1km_R2025A_UA_v1.tif","10.5258/SOTON/WP00842"
"WorldPop Global2 R2025A (constrained, UN-adjusted, 1 km)",2023,"country","MUS","Mauritius",11959.9999745496,48854.9998623858,60814.9998369354,"mus_t_00_2023_CN_1km_R2025A_UA_v1.tif","mus_t_01_2023_CN_1km_R2025A_UA_v1.tif","10.5258/SOTON/WP00842"
"WorldPop Global2 R2025A (constrained, UN-adjusted, 1 km)",2023,"country","MOZ","Mozambique",1191035.99984516,4417921.99933022,5608957.99917537,"moz_t_00_2023_CN_1km_R2025A_UA_v1.tif","moz_t_01_2023_CN_1km_R2025A_UA_v1.tif","10.5258/SOTON/WP00842"
"WorldPop Global2 R2025A (constrained, UN-adjusted, 1 km)",2023,"country","NAM","Namibia",79792.0000343057,331726.000207239,411518.000241545,"nam_t_00_2023_CN_1km_R2025A_UA_v1.tif","nam_t_01_2023_CN_1km_R2025A_UA_v1.tif","10.5258/SOTON/WP00842"
"WorldPop Global2 R2025A (constrained, UN-adjusted, 1 km)",2023,"country","NER","Niger",1010016.99964307,3601335.00005442,4611351.99969749,"ner_t_00_2023_CN_1km_R2025A_UA_v1.tif","ner_t_01_2023_CN_1km_R2025A_UA_v1.tif","10.5258/SOTON/WP00842"
"WorldPop Global2 R2025A (constrained, UN-adjusted, 1 km)",2023,"country","NGA","Nigeria",7013051.00128456,26381328.004131,33394379.0054156,"nga_t_00_2023_CN_1km_R2025A_UA_v1.tif","nga_t_01_2023_CN_1km_R2025A_UA_v1.tif","10.5258/SOTON/WP00842"
"WorldPop Global2 R2025A (constrained, UN-adjusted, 1 km)",2023,"country","RWA","Rwanda",384189.000043502,1486544.99923663,1870733.99928013,"rwa_t_00_2023_CN_1km_R2025A_UA_v1.tif","rwa_t_01_2023_CN_1km_R2025A_UA_v1.tif","10.5258/SOTON/WP00842"
"WorldPop Global2 R2025A (constrained, UN-adjusted, 1 km)",2023,"country","STP","Sao Tome and Principe",6320.99995642133,24041.0000194079,30361.9999758292,"stp_t_00_2023_CN_1km_R2025A_UA_v1.tif","stp_t_01_2023_CN_1km_R2025A_UA_v1.tif","10.5258/SOTON/WP00842"
"WorldPop Global2 R2025A (constrained, UN-adjusted, 1 km)",2023,"country","SEN","Senegal",506076.000057668,1925203.99922464,2431279.99928231,"sen_t_00_2023_CN_1km_R2025A_UA_v1.tif","sen_t_01_2023_CN_1km_R2025A_UA_v1.tif","10.5258/SOTON/WP00842"
"WorldPop Global2 R2025A (constrained, UN-adjusted, 1 km)",2023,"country","SYC","Seychelles",1744.99998761374,7078.0000206122,8823.00000822594,"syc_t_00_2023_CN_1km_R2025A_UA_v1.tif","syc_t_01_2023_CN_1km_R2025A_UA_v1.tif","10.5258/SOTON/WP00842"
"WorldPop Global2 R2025A (constrained, UN-adjusted, 1 km)",2023,"country","SLE","Sierra Leone",243828.000029752,914914.999925349,1158742.9999551,"sle_t_00_2023_CN_1km_R2025A_UA_v1.tif","sle_t_01_2023_CN_1km_R2025A_UA_v1.tif","10.5258/SOTON/WP00842"
"WorldPop Global2 R2025A (constrained, UN-adjusted, 1 km)",2023,"country","SOM","Somalia",728465.000201155,2636329.99886959,3364794.99907074,"som_t_00_2023_CN_1km_R2025A_UA_v1.tif","som_t_01_2023_CN_1km_R2025A_UA_v1.tif","10.5258/SOTON/WP00842"
"WorldPop Global2 R2025A (constrained, UN-adjusted, 1 km)",2023,"country","ZAF","South Africa",1162082.99998755,4708010.99918343,5870093.99917098,"zaf_t_00_2023_CN_1km_R2025A_UA_v1.tif","zaf_t_01_2023_CN_1km_R2025A_UA_v1.tif","10.5258/SOTON/WP00842"
"WorldPop Global2 R2025A (constrained, UN-adjusted, 1 km)",2023,"country","SSD","South Sudan",305581.999971736,1132904.99973954,1438486.99971127,"ssd_t_00_2023_CN_1km_R2025A_UA_v1.tif","ssd_t_01_2023_CN_1km_R2025A_UA_v1.tif","10.5258/SOTON/WP00842"
"WorldPop Global2 R2025A (constrained, UN-adjusted, 1 km)",2023,"country","TGO","Togo",276498.999997968,1058118.99976067,1334617.99975864,"tgo_t_00_2023_CN_1km_R2025A_UA_v1.tif","tgo_t_01_2023_CN_1km_R2025A_UA_v1.tif","10.5258/SOTON/WP00842"
"WorldPop Global2 R2025A (constrained, UN-adjusted, 1 km)",2023,"country","UGA","Uganda",1648055.99983279,6219017.00157228,7867073.00140507,"uga_t_00_2023_CN_1km_R2025A_UA_v1.tif","uga_t_01_2023_CN_1km_R2025A_UA_v1.tif","10.5258/SOTON/WP00842"
"WorldPop Global2 R2025A (constrained, UN-adjusted, 1 km)",2023,"country","TZA","United Republic of Tanzania",2246355.00010995,8458947.00202192,10705302.0021319,"tza_t_00_2023_CN_1km_R2025A_UA_v1.tif","tza_t_01_2023_CN_1km_R2025A_UA_v1.tif","10.5258/SOTON/WP00842"
"WorldPop Global2 R2025A (constrained, UN-adjusted, 1 km)",2023,"country","ZMB","Zambia",654104.000002348,2471927.99980541,3126031.99980776,"zmb_t_00_2023_CN_1km_R2025A_UA_v1.tif","zmb_t_01_2023_CN_1km_R2025A_UA_v1.tif","10.5258/SOTON/WP00842"
"WorldPop Global2 R2025A (constrained, UN-adjusted, 1 km)",2023,"country","ZWE","Zimbabwe",480345.000012593,1812337.00056497,2292682.00057757,"zwe_t_00_2023_CN_1km_R2025A_UA_v1.tif","zwe_t_01_2023_CN_1km_R2025A_UA_v1.tif","10.5258/SOTON/WP00842"
"WorldPop Global2 R2025A (constrained, UN-adjusted, 1 km)",2023,"nigeria_state","NGA","Abia",92690.421875,348686.03125,441376.453125,"nga_t_00_2023_CN_1km_R2025A_UA_v1.tif","nga_t_01_2023_CN_1km_R2025A_UA_v1.tif","10.5258/SOTON/WP00842"
"WorldPop Global2 R2025A (constrained, UN-adjusted, 1 km)",2023,"nigeria_state","NGA","Adamawa",166045.140625,624631.125,790676.265625,"nga_t_00_2023_CN_1km_R2025A_UA_v1.tif","nga_t_01_2023_CN_1km_R2025A_UA_v1.tif","10.5258/SOTON/WP00842"
"WorldPop Global2 R2025A (constrained, UN-adjusted, 1 km)",2023,"nigeria_state","NGA","Akwa Ibom",145402.6875,546962.1875,692364.875,"nga_t_00_2023_CN_1km_R2025A_UA_v1.tif","nga_t_01_2023_CN_1km_R2025A_UA_v1.tif","10.5258/SOTON/WP00842"
"WorldPop Global2 R2025A (constrained, UN-adjusted, 1 km)",2023,"nigeria_state","NGA","Anambra",141136.84375,530930.875,672067.71875,"nga_t_00_2023_CN_1km_R2025A_UA_v1.tif","nga_t_01_2023_CN_1km_R2025A_UA_v1.tif","10.5258/SOTON/WP00842"
"WorldPop Global2 R2025A (constrained, UN-adjusted, 1 km)",2023,"nigeria_state","NGA","Bauchi",288166.375,1083990.5,1372156.875,"nga_t_00_2023_CN_1km_R2025A_UA_v1.tif","nga_t_01_2023_CN_1km_R2025A_UA_v1.tif","10.5258/SOTON/WP00842"
"WorldPop Global2 R2025A (constrained, UN-adjusted, 1 km)",2023,"nigeria_state","NGA","Bayelsa",63594.1484375,239225.828125,302819.9765625,"nga_t_00_2023_CN_1km_R2025A_UA_v1.tif","nga_t_01_2023_CN_1km_R2025A_UA_v1.tif","10.5258/SOTON/WP00842"
"WorldPop Global2 R2025A (constrained, UN-adjusted, 1 km)",2023,"nigeria_state","NGA","Benue",230039.71875,865358.625,1095398.34375,"nga_t_00_2023_CN_1km_R2025A_UA_v1.tif","nga_t_01_2023_CN_1km_R2025A_UA_v1.tif","10.5258/SOTON/WP00842"
"WorldPop Global2 R2025A (constrained, UN-adjusted, 1 km)",2023,"nigeria_state","NGA","Borno",269975.9375,1015516.625,1285492.5625,"nga_t_00_2023_CN_1km_R2025A_UA_v1.tif","nga_t_01_2023_CN_1km_R2025A_UA_v1.tif","10.5258/SOTON/WP00842"
"WorldPop Global2 R2025A (constrained, UN-adjusted, 1 km)",2023,"nigeria_state","NGA","Cross River",107847.890625,405698.3125,513546.203125,"nga_t_00_2023_CN_1km_R2025A_UA_v1.tif","nga_t_01_2023_CN_1km_R2025A_UA_v1.tif","10.5258/SOTON/WP00842"
"WorldPop Global2 R2025A (constrained, UN-adjusted, 1 km)",2023,"nigeria_state","NGA","Delta",155470.28125,584850.25,740320.53125,"nga_t_00_2023_CN_1km_R2025A_UA_v1.tif","nga_t_01_2023_CN_1km_R2025A_UA_v1.tif","10.5258/SOTON/WP00842"
"WorldPop Global2 R2025A (constrained, UN-adjusted, 1 km)",2023,"nigeria_state","NGA","Ebonyi",91759.296875,345189.9375,436949.234375,"nga_t_00_2023_CN_1km_R2025A_UA_v1.tif","nga_t_01_2023_CN_1km_R2025A_UA_v1.tif","10.5258/SOTON/WP00842"
"WorldPop Global2 R2025A (constrained, UN-adjusted, 1 km)",2023,"nigeria_state","NGA","Edo",119649.8203125,450090.28125,569740.1015625,"nga_t_00_2023_CN_1km_R2025A_UA_v1.tif","nga_t_01_2023_CN_1km_R2025A_UA_v1.tif","10.5258/SOTON/WP00842"
"WorldPop Global2 R2025A (constrained, UN-adjusted, 1 km)",2023,"nigeria_state","NGA","Ekiti",84097.46875,316353.125,400450.59375,"nga_t_00_2023_CN_1km_R2025A_UA_v1.tif","nga_t_01_2023_CN_1km_R2025A_UA_v1.tif","10.5258/SOTON/WP00842"
"WorldPop Global2 R2025A (constrained, UN-adjusted, 1 km)",2023,"nigeria_state","NGA","Enugu",108970.828125,409949.875,518920.703125,"nga_t_00_2023_CN_1km_R2025A_UA_v1.tif","nga_t_01_2023_CN_1km_R2025A_UA_v1.tif","10.5258/SOTON/WP00842"
"WorldPop Global2 R2025A (constrained, UN-adjusted, 1 km)",2023,"nigeria_state","NGA","Federal Capital Territory",148184.265625,557478.125,705662.390625,"nga_t_00_2023_CN_1km_R2025A_UA_v1.tif","nga_t_01_2023_CN_1km_R2025A_UA_v1.tif","10.5258/SOTON/WP00842"
"WorldPop Global2 R2025A (constrained, UN-adjusted, 1 km)",2023,"nigeria_state","NGA","Gombe",139133.15625,523364.71875,662497.875,"nga_t_00_2023_CN_1km_R2025A_UA_v1.tif","nga_t_01_2023_CN_1km_R2025A_UA_v1.tif","10.5258/SOTON/WP00842"
"WorldPop Global2 R2025A (constrained, UN-adjusted, 1 km)",2023,"nigeria_state","NGA","Imo",137430.234375,516979.28125,654409.515625,"nga_t_00_2023_CN_1km_R2025A_UA_v1.tif","nga_t_01_2023_CN_1km_R2025A_UA_v1.tif","10.5258/SOTON/WP00842"
"WorldPop Global2 R2025A (constrained, UN-adjusted, 1 km)",2023,"nigeria_state","NGA","Jigawa",257446.546875,968386.1875,1225832.734375,"nga_t_00_2023_CN_1km_R2025A_UA_v1.tif","nga_t_01_2023_CN_1km_R2025A_UA_v1.tif","10.5258/SOTON/WP00842"
"WorldPop Global2 R2025A (constrained, UN-adjusted, 1 km)",2023,"nigeria_state","NGA","Kaduna",354983.65625,1335413.75,1690397.40625,"nga_t_00_2023_CN_1km_R2025A_UA_v1.tif","nga_t_01_2023_CN_1km_R2025A_UA_v1.tif","10.5258/SOTON/WP00842"
"WorldPop Global2 R2025A (constrained, UN-adjusted, 1 km)",2023,"nigeria_state","NGA","Kano",563629.6875,2120176.75,2683806.4375,"nga_t_00_2023_CN_1km_R2025A_UA_v1.tif","nga_t_01_2023_CN_1km_R2025A_UA_v1.tif","10.5258/SOTON/WP00842"
"WorldPop Global2 R2025A (constrained, UN-adjusted, 1 km)",2023,"nigeria_state","NGA","Katsina",358590.5,1348849.75,1707440.25,"nga_t_00_2023_CN_1km_R2025A_UA_v1.tif","nga_t_01_2023_CN_1km_R2025A_UA_v1.tif","10.5258/SOTON/WP00842"
"WorldPop Global2 R2025A (constrained, UN-adjusted, 1 km)",2023,"nigeria_state","NGA","Kebbi",191863.921875,721723.3125,913587.234375,"nga_t_00_2023_CN_1km_R2025A_UA_v1.tif","nga_t_01_2023_CN_1km_R2025A_UA_v1.tif","10.5258/SOTON/WP00842"
"WorldPop Global2 R2025A (constrained, UN-adjusted, 1 km)",2023,"nigeria_state","NGA","Kogi",191423.390625,720088.125,911511.515625,"nga_t_00_2023_CN_1km_R2025A_UA_v1.tif","nga_t_01_2023_CN_1km_R2025A_UA_v1.tif","10.5258/SOTON/WP00842"
"WorldPop Global2 R2025A (constrained, UN-adjusted, 1 km)",2023,"nigeria_state","NGA","Kwara",126541.2421875,476022.21875,602563.4609375,"nga_t_00_2023_CN_1km_R2025A_UA_v1.tif","nga_t_01_2023_CN_1km_R2025A_UA_v1.tif","10.5258/SOTON/WP00842"
"WorldPop Global2 R2025A (constrained, UN-adjusted, 1 km)",2023,"nigeria_state","NGA","Lagos",337563.9375,1269932.25,1607496.1875,"nga_t_00_2023_CN_1km_R2025A_UA_v1.tif","nga_t_01_2023_CN_1km_R2025A_UA_v1.tif","10.5258/SOTON/WP00842"
"WorldPop Global2 R2025A (constrained, UN-adjusted, 1 km)",2023,"nigeria_state","NGA","Nasarawa",135132.875,508364.125,643497,"nga_t_00_2023_CN_1km_R2025A_UA_v1.tif","nga_t_01_2023_CN_1km_R2025A_UA_v1.tif","10.5258/SOTON/WP00842"
"WorldPop Global2 R2025A (constrained, UN-adjusted, 1 km)",2023,"nigeria_state","NGA","Niger",242544.15625,912426.75,1154970.90625,"nga_t_00_2023_CN_1km_R2025A_UA_v1.tif","nga_t_01_2023_CN_1km_R2025A_UA_v1.tif","10.5258/SOTON/WP00842"
"WorldPop Global2 R2025A (constrained, UN-adjusted, 1 km)",2023,"nigeria_state","NGA","Ogun",240532.1875,904895.4375,1145427.625,"nga_t_00_2023_CN_1km_R2025A_UA_v1.tif","nga_t_01_2023_CN_1km_R2025A_UA_v1.tif","10.5258/SOTON/WP00842"
"WorldPop Global2 R2025A (constrained, UN-adjusted, 1 km)",2023,"nigeria_state","NGA","Ondo",113492.7734375,426942.40625,540435.1796875,"nga_t_00_2023_CN_1km_R2025A_UA_v1.tif","nga_t_01_2023_CN_1km_R2025A_UA_v1.tif","10.5258/SOTON/WP00842"
"WorldPop Global2 R2025A (constrained, UN-adjusted, 1 km)",2023,"nigeria_state","NGA","Osun",126895.3359375,477347.75,604243.0859375,"nga_t_00_2023_CN_1km_R2025A_UA_v1.tif","nga_t_01_2023_CN_1km_R2025A_UA_v1.tif","10.5258/SOTON/WP00842"
"WorldPop Global2 R2025A (constrained, UN-adjusted, 1 km)",2023,"nigeria_state","NGA","Oyo",227563.71875,856058.5,1083622.21875,"nga_t_00_2023_CN_1km_R2025A_UA_v1.tif","nga_t_01_2023_CN_1km_R2025A_UA_v1.tif","10.5258/SOTON/WP00842"
"WorldPop Global2 R2025A (constrained, UN-adjusted, 1 km)",2023,"nigeria_state","NGA","Plateau",159377.359375,599579.75,758957.109375,"nga_t_00_2023_CN_1km_R2025A_UA_v1.tif","nga_t_01_2023_CN_1km_R2025A_UA_v1.tif","10.5258/SOTON/WP00842"
"WorldPop Global2 R2025A (constrained, UN-adjusted, 1 km)",2023,"nigeria_state","NGA","Rivers",198900.59375,748201.25,947101.84375,"nga_t_00_2023_CN_1km_R2025A_UA_v1.tif","nga_t_01_2023_CN_1km_R2025A_UA_v1.tif","10.5258/SOTON/WP00842"
"WorldPop Global2 R2025A (constrained, UN-adjusted, 1 km)",2023,"nigeria_state","NGA","Sokoto",217427.609375,817854.4375,1035282.046875,"nga_t_00_2023_CN_1km_R2025A_UA_v1.tif","nga_t_01_2023_CN_1km_R2025A_UA_v1.tif","10.5258/SOTON/WP00842"
"WorldPop Global2 R2025A (constrained, UN-adjusted, 1 km)",2023,"nigeria_state","NGA","Taraba",121458.65625,456892.40625,578351.0625,"nga_t_00_2023_CN_1km_R2025A_UA_v1.tif","nga_t_01_2023_CN_1km_R2025A_UA_v1.tif","10.5258/SOTON/WP00842"
"WorldPop Global2 R2025A (constrained, UN-adjusted, 1 km)",2023,"nigeria_state","NGA","Yobe",149324.9375,561685,711009.9375,"nga_t_00_2023_CN_1km_R2025A_UA_v1.tif","nga_t_01_2023_CN_1km_R2025A_UA_v1.tif","10.5258/SOTON/WP00842"
"WorldPop Global2 R2025A (constrained, UN-adjusted, 1 km)",2023,"nigeria_state","NGA","Zamfara",200527.21875,754323,954850.21875,"nga_t_00_2023_CN_1km_R2025A_UA_v1.tif","nga_t_01_2023_CN_1km_R2025A_UA_v1.tif","10.5258/SOTON/WP00842"
