source,location_level,iso3,location_name,map_admin_id,year,pfpr_2_10,pfpr_2_10_lower,pfpr_2_10_upper
MAP 202608 release,country,AGO,Angola,,2023,0.232835893479416,0.138611324554668,0.413332309522753
MAP 202608 release,country,BDI,Burundi,,2023,0.320422585724851,0.198817959430114,0.451681992984792
MAP 202608 release,country,BEN,Benin,,2023,0.359526482156877,0.185716810912478,0.526382410561811
MAP 202608 release,country,BFA,Burkina Faso,,2023,0.286647794132478,0.203735759987443,0.403930714777949
MAP 202608 release,country,BWA,Botswana,,2023,0.000206878134126896,0.000158745340542911,0.000265892587221063
MAP 202608 release,country,CAF,Central African Republic,,2023,0.325037041164375,0.104242806481078,0.600420549518153
MAP 202608 release,country,CIV,Côte d'Ivoire,,2023,0.253326808732979,0.175011536827981,0.329787821499899
MAP 202608 release,country,CMR,Cameroon,,2023,0.223166536902946,0.194694132145576,0.262884973212887
MAP 202608 release,country,COD,Democratic Republic of the Congo,,2023,0.303723948021125,0.288546152908178,0.319562059981538
MAP 202608 release,country,COG,Congo,,2023,0.209273846301788,0.139606229744047,0.29095919915409
MAP 202608 release,country,COM,Comoros,,2023,0.0172455866105999,0.0143304530435583,0.020591952841674
MAP 202608 release,country,CPV,Cabo Verde,,2023,0.0,0.0,0.0
MAP 202608 release,country,DJI,Djibouti,,2023,0.0173951572103198,0.0145197549760286,0.0207887065952096
MAP 202608 release,country,ERI,Eritrea,,2023,0.00785014163979808,0.00663723882922546,0.00934154532643658
MAP 202608 release,country,ETH,Ethiopia,,2023,0.033652421886278,0.0149415259561598,0.0647152563989428
MAP 202608 release,country,GAB,Gabon,,2023,0.174512312690767,0.115838106843135,0.227754794987523
MAP 202608 release,country,GHA,Ghana,,2023,0.161001407436532,0.143265670432442,0.181183815402367
MAP 202608 release,country,GIN,Guinea,,2023,0.246916965625587,0.157135488873167,0.350220915188419
MAP 202608 release,country,GMB,Gambia,,2023,0.036315687366685,0.0301855466143894,0.0428183710803776
MAP 202608 release,country,GNB,Guinea-Bissau,,2023,0.0613055917330613,0.012337029647114,0.165089759335381
MAP 202608 release,country,GNQ,Equatorial Guinea,,2023,0.215579564557049,0.136496875128695,0.293661953065842
MAP 202608 release,country,KEN,Kenya,,2023,0.0529415926288388,0.0123290384467639,0.130234695060228
MAP 202608 release,country,LBR,Liberia,,2023,0.15178311726852,0.11543142850384,0.203246191447043
MAP 202608 release,country,MDG,Madagascar,,2023,0.0969471831930549,0.0666056679484842,0.12773198770476
MAP 202608 release,country,MLI,Mali,,2023,0.171533112244725,0.133760093747455,0.209912469668312
MAP 202608 release,country,MOZ,Mozambique,,2023,0.263699026410119,0.247618181174493,0.284938578027622
MAP 202608 release,country,MRT,Mauritania,,2023,0.017175951233655,0.0129913529851337,0.0224507722418076
MAP 202608 release,country,MWI,Malawi,,2023,0.267824414351149,0.180865606477175,0.392498757411558
MAP 202608 release,country,NAM,Namibia,,2023,0.00326548898765277,0.00255511620057327,0.00401364303167348
MAP 202608 release,country,NER,Niger,,2023,0.190698596431844,0.143965574303353,0.256802705677401
MAP 202608 release,country,NGA,Nigeria,,2023,0.239095387529452,0.121837044129034,0.396475112839245
MAP 202608 release,country,RWA,Rwanda,,2023,0.0221889287274173,0.0119756671531428,0.0413708627910045
MAP 202608 release,country,SEN,Senegal,,2023,0.0196541433106832,0.0162623158147511,0.0232112305643784
MAP 202608 release,country,SLE,Sierra Leone,,2023,0.294660442627939,0.137605912294156,0.565467033346734
MAP 202608 release,country,SOM,Somalia,,2023,0.0293502797184825,0.0163840806902279,0.0535721389213831
MAP 202608 release,country,SSD,South Sudan,,2023,0.268792249894059,0.158344122019788,0.411372965228074
MAP 202608 release,country,STP,Sao Tome and Principe,,2023,0.0065883859495774,0.00564935607860215,0.00765947725712982
MAP 202608 release,country,SWZ,Eswatini,,2023,0.000563257291903543,0.00041889158817927,0.000753204030797561
MAP 202608 release,country,TCD,Chad,,2023,0.139842328401427,0.076798349383687,0.212777638397695
MAP 202608 release,country,TGO,Togo,,2023,0.249833499971076,0.175829409366618,0.35016107917046
MAP 202608 release,country,TZA,United Republic of Tanzania,,2023,0.0925500097484039,0.0792666028739484,0.108006219240104
MAP 202608 release,country,UGA,Uganda,,2023,0.243408208658391,0.145690142817258,0.389489271575987
MAP 202608 release,country,ZAF,South Africa,,2023,0.000133945415187359,6.79802743202494e-05,0.000231856317469301
MAP 202608 release,country,ZMB,Zambia,,2023,0.25532184652695,0.232727148099813,0.277814608525714
MAP 202608 release,country,ZWE,Zimbabwe,,2023,0.0229532123434793,0.0155793572527153,0.033339068479358
MAP 202608 release,nigeria_state,NGA,Edo,10312855,2023,0.225798567611091,0.101667793405612,0.431656787942514
MAP 202608 release,nigeria_state,NGA,Kano,10312921,2023,0.206018660855356,0.1165008106278,0.34498276125752
MAP 202608 release,nigeria_state,NGA,Bayelsa,10312967,2023,0.216685063526171,0.0765473708194578,0.395700818715854
MAP 202608 release,nigeria_state,NGA,Zamfara,10312979,2023,0.437603097358961,0.234651554530245,0.631299346969729
MAP 202608 release,nigeria_state,NGA,Ebonyi,10313027,2023,0.209617781571196,0.109293692923318,0.36095607408496
MAP 202608 release,nigeria_state,NGA,Ogun,10313043,2023,0.22075564089681,0.125967304405322,0.379415257757967
MAP 202608 release,nigeria_state,NGA,Federal Capital Territory,10313058,2023,0.213405460963516,0.0707231044404296,0.354118019435976
MAP 202608 release,nigeria_state,NGA,Abia,10313078,2023,0.195275436741584,0.0996162516378628,0.36123586809397
MAP 202608 release,nigeria_state,NGA,Osun,10313126,2023,0.217450044277011,0.0963424669515345,0.353725529586434
MAP 202608 release,nigeria_state,NGA,Anambra,10313334,2023,0.17507404925796,0.0687191587487739,0.325272744923105
MAP 202608 release,nigeria_state,NGA,Delta,10313483,2023,0.160201765328144,0.0702153873657247,0.291160551866097
MAP 202608 release,nigeria_state,NGA,Oyo,10313522,2023,0.231825101609949,0.0919958901875584,0.381555527981455
MAP 202608 release,nigeria_state,NGA,Plateau,10313750,2023,0.17285590797895,0.0809127108247299,0.291577665648606
MAP 202608 release,nigeria_state,NGA,Akwa Ibom,10313817,2023,0.229878143017704,0.111010182085065,0.404590368724251
MAP 202608 release,nigeria_state,NGA,Lagos,10313859,2023,0.107082957493022,0.0513129016498391,0.22388933859142
MAP 202608 release,nigeria_state,NGA,Gombe,10313923,2023,0.271584886647004,0.113414240608083,0.499762116851092
MAP 202608 release,nigeria_state,NGA,Kwara,10314245,2023,0.216430039273656,0.0950083465203388,0.417012205153683
MAP 202608 release,nigeria_state,NGA,Ekiti,10314343,2023,0.232271470354517,0.106213553874944,0.393816053541632
MAP 202608 release,nigeria_state,NGA,Yobe,10314496,2023,0.34027118778027,0.158264199243275,0.509776914897673
MAP 202608 release,nigeria_state,NGA,Kebbi,10314662,2023,0.370335515628677,0.202843351687322,0.553058042626672
MAP 202608 release,nigeria_state,NGA,Cross River,10314810,2023,0.272590319911498,0.148284520132213,0.457842073582576
MAP 202608 release,nigeria_state,NGA,Nasarawa,10314878,2023,0.261200203095755,0.126084550061336,0.410635174407048
MAP 202608 release,nigeria_state,NGA,Katsina,10314910,2023,0.288770810366152,0.178864488540458,0.446824483279995
MAP 202608 release,nigeria_state,NGA,Benue,10314912,2023,0.290999744175842,0.152165320254807,0.453926280058579
MAP 202608 release,nigeria_state,NGA,Kaduna,10315174,2023,0.217448812170986,0.112420787197337,0.357308327254498
MAP 202608 release,nigeria_state,NGA,Kogi,10315316,2023,0.226684013681003,0.100631294908512,0.37578665083458
MAP 202608 release,nigeria_state,NGA,Imo,10315365,2023,0.219533955469033,0.0850960156324167,0.453962640108405
MAP 202608 release,nigeria_state,NGA,Sokoto,10315512,2023,0.302611778459447,0.158840410874257,0.516751541019903
MAP 202608 release,nigeria_state,NGA,Enugu,10315516,2023,0.178251220045796,0.0701482657626552,0.345965067577709
MAP 202608 release,nigeria_state,NGA,Niger,10315577,2023,0.298291519522044,0.163537162977277,0.445710896781848
MAP 202608 release,nigeria_state,NGA,Bauchi,10315631,2023,0.264390565044287,0.164227509363184,0.414145735181536
MAP 202608 release,nigeria_state,NGA,Jigawa,10315654,2023,0.261426379806613,0.141261003926546,0.395419889194295
MAP 202608 release,nigeria_state,NGA,Rivers,10315660,2023,0.19860193965069,0.0947775065134518,0.383086727134944
MAP 202608 release,nigeria_state,NGA,Taraba,10315664,2023,0.273054117757794,0.166344879803998,0.406452737092982
MAP 202608 release,nigeria_state,NGA,Ondo,10315731,2023,0.267117955128391,0.131197359980231,0.444726956406718
MAP 202608 release,nigeria_state,NGA,Adamawa,10315851,2023,0.267365615638754,0.150663417730718,0.381799326706307
MAP 202608 release,nigeria_state,NGA,Borno,10316414,2023,0.211840391625138,0.120452666443198,0.33514593202411
